Županija,Naziv ustanove
BJELOVARSKO-BILOGORSKA,Centar za odgoj i obrazovanje Rudolf Steiner Daruvar
BJELOVARSKO-BILOGORSKA,"Centar za odgoj, obrazovanje i razvojnu podršku Bjelovar"
BJELOVARSKO-BILOGORSKA,I. osnovna škola Bjelovar
BJELOVARSKO-BILOGORSKA,II. osnovna škola Bjelovar
BJELOVARSKO-BILOGORSKA,III. osnovna škola Bjelovar
BJELOVARSKO-BILOGORSKA,IV. osnovna škola Bjelovar
BJELOVARSKO-BILOGORSKA,Osnovna škola Berek
BJELOVARSKO-BILOGORSKA,Osnovna škola Dežanovac
BJELOVARSKO-BILOGORSKA,Osnovna škola Garešnica
BJELOVARSKO-BILOGORSKA,Osnovna škola Ivana Nepomuka Jemeršića
BJELOVARSKO-BILOGORSKA,Osnovna škola Ivana Viteza Trnskog
BJELOVARSKO-BILOGORSKA,Osnovna škola Ivanska
BJELOVARSKO-BILOGORSKA,Osnovna škola Mate Lovraka
BJELOVARSKO-BILOGORSKA,Osnovna škola Mirka Pereša
BJELOVARSKO-BILOGORSKA,Osnovna škola Rovišće
BJELOVARSKO-BILOGORSKA,Osnovna škola Sirač
BJELOVARSKO-BILOGORSKA,Osnovna škola Slavka Kolara
BJELOVARSKO-BILOGORSKA,Osnovna škola Trnovitica
BJELOVARSKO-BILOGORSKA,Osnovna škola Trnovitički Popovac
BJELOVARSKO-BILOGORSKA,Osnovna škola u Đulovcu
BJELOVARSKO-BILOGORSKA,Osnovna škola Velika Pisanica
BJELOVARSKO-BILOGORSKA,Osnovna škola Veliko Trojstvo
BJELOVARSKO-BILOGORSKA,Osnovna škola Vladimira Nazora
BJELOVARSKO-BILOGORSKA,Osnovna škola Čazma
BJELOVARSKO-BILOGORSKA,Osnovna škola Štefanje
BJELOVARSKO-BILOGORSKA,Češka osnovna škola Jana Amosa Komenskog - Česká Základní škola Jana Amose Komenského
BJELOVARSKO-BILOGORSKA,Češka osnovna škola Josipa Ružičke Končanica-Česká Základní škola Josefa Růžičky Končenice
BJELOVARSKO-BILOGORSKA,Ekonomska i Birotehnička škola Bjelovar
BJELOVARSKO-BILOGORSKA,Ekonomska i turistička škola Daruvar
BJELOVARSKO-BILOGORSKA,Gimnazija Bjelovar
BJELOVARSKO-BILOGORSKA,Gimnazija Daruvar
BJELOVARSKO-BILOGORSKA,Komercijalna i trgovačka škola Bjelovar
BJELOVARSKO-BILOGORSKA,Medicinska škola Bjelovar
BJELOVARSKO-BILOGORSKA,Obrtnička škola Bjelovar
BJELOVARSKO-BILOGORSKA,"Srednja škola ""August Šenoa"" Garešnica"
BJELOVARSKO-BILOGORSKA,Srednja škola Bartola Kašića Grubišno Polje
BJELOVARSKO-BILOGORSKA,Srednja škola Čazma
BJELOVARSKO-BILOGORSKA,Tehnička škola Bjelovar
BJELOVARSKO-BILOGORSKA,Tehnička škola Daruvar
BJELOVARSKO-BILOGORSKA,Turističko-ugostiteljska i prehrambena škola Bjelovar
BRODSKO-POSAVSKA,Katolička osnovna škola Andrije Živkovića
BRODSKO-POSAVSKA,Osnovna škola Ante Starčevića
BRODSKO-POSAVSKA,Osnovna škola Antun Matija Reljković
BRODSKO-POSAVSKA,Osnovna škola Antun Mihanović
BRODSKO-POSAVSKA,Osnovna škola Antun Mihanović Nova Kapela Batrina
BRODSKO-POSAVSKA,Osnovna škola Augusta Šenoe
BRODSKO-POSAVSKA,Osnovna škola Blaž Tadijanović
BRODSKO-POSAVSKA,Osnovna škola Bogoslav Šulek
BRODSKO-POSAVSKA,Osnovna škola dr. Stjepan Ilijašević
BRODSKO-POSAVSKA,Osnovna škola Dragalić
BRODSKO-POSAVSKA,Osnovna škola Dragutin Tadijanović
BRODSKO-POSAVSKA,Osnovna škola Hugo Badalić
BRODSKO-POSAVSKA,Osnovna škola Ivan Filipović
BRODSKO-POSAVSKA,Osnovna škola Ivan Goran Kovačić
BRODSKO-POSAVSKA,Osnovna škola Ivan Meštrović
BRODSKO-POSAVSKA,Osnovna škola Ivana Brlić-Mažuranić
BRODSKO-POSAVSKA,Osnovna škola Ivana Gorana Kovačića
BRODSKO-POSAVSKA,Osnovna škola Josip Kozarac Slavonski Šamac
BRODSKO-POSAVSKA,Osnovna škola Ljudevit Gaj
BRODSKO-POSAVSKA,Osnovna škola Ljudevita Gaja Nova Gradiška
BRODSKO-POSAVSKA,Osnovna škola Markovac
BRODSKO-POSAVSKA,Osnovna škola Matija Antun Relković
BRODSKO-POSAVSKA,Osnovna škola Matija Gubec Cernik
BRODSKO-POSAVSKA,Osnovna škola Mato Lovrak
BRODSKO-POSAVSKA,Osnovna škola Okučani
BRODSKO-POSAVSKA,Osnovna škola Sibinjskih žrtava
BRODSKO-POSAVSKA,Osnovna škola Sikirevci
BRODSKO-POSAVSKA,Osnovna škola Stjepan Radić Oprisavci
BRODSKO-POSAVSKA,Osnovna škola Viktor Car Emin
BRODSKO-POSAVSKA,Osnovna škola Vjekoslav Klaić
BRODSKO-POSAVSKA,Osnovna škola Vladimir Nazor
BRODSKO-POSAVSKA,Osnovna škola Vladimir Nazor
BRODSKO-POSAVSKA,Osnovna škola Đuro Pilar
BRODSKO-POSAVSKA,Regionalni edukacijsko-rehabilitacijski centar Milan Amruš
BRODSKO-POSAVSKA,Ekonomsko-Birotehnička škola
BRODSKO-POSAVSKA,Elektrotehnička i Ekonomska škola
BRODSKO-POSAVSKA,Gimnazija Matija Mesić
BRODSKO-POSAVSKA,Gimnazija Nova Gradiška
BRODSKO-POSAVSKA,Industrijsko obrtnička škola
BRODSKO-POSAVSKA,Industrijsko-obrtnička škola
BRODSKO-POSAVSKA,Klasična gimnazija fra Marijana Lanosovića s pravom javnosti
BRODSKO-POSAVSKA,Obrtničko-tehnička škola
BRODSKO-POSAVSKA,Srednja Medicinska škola
BRODSKO-POSAVSKA,Srednja škola Matije Antuna Reljkovića Slavonski Brod
BRODSKO-POSAVSKA,"Tehnička škola, Slavonski Brod"
DUBROVAČKO-NERETVANSKA,Osnovna škola Ante Curać-Pinjac
DUBROVAČKO-NERETVANSKA,Osnovna škola Antuna Masle - Orašac
DUBROVAČKO-NERETVANSKA,Osnovna škola Blato
DUBROVAČKO-NERETVANSKA,"Osnovna škola ""Braća Glumac"""
DUBROVAČKO-NERETVANSKA,Osnovna škola Cavtat
DUBROVAČKO-NERETVANSKA,Osnovna škola Don Mihovila Pavlinovića
DUBROVAČKO-NERETVANSKA,Osnovna škola fra Ante Gnječa
DUBROVAČKO-NERETVANSKA,Osnovna škola Gruda
DUBROVAČKO-NERETVANSKA,Osnovna škola Ivana Gundulića
DUBROVAČKO-NERETVANSKA,Osnovna škola Ivo Dugandžić-Mišić
DUBROVAČKO-NERETVANSKA,Osnovna škola Janjina
DUBROVAČKO-NERETVANSKA,Osnovna škola Kula Norinska
DUBROVAČKO-NERETVANSKA,Osnovna škola Kuna
DUBROVAČKO-NERETVANSKA,Osnovna škola Lapad
DUBROVAČKO-NERETVANSKA,Osnovna škola Luka Paljetka
DUBROVAČKO-NERETVANSKA,Osnovna škola Marina Držića
DUBROVAČKO-NERETVANSKA,Osnovna škola Marina Getaldića
DUBROVAČKO-NERETVANSKA,Osnovna škola Mljet
DUBROVAČKO-NERETVANSKA,"Osnovna škola Mokošica, Dubrovnik"
DUBROVAČKO-NERETVANSKA,Osnovna škola Opuzen
DUBROVAČKO-NERETVANSKA,Osnovna škola Orebić
DUBROVAČKO-NERETVANSKA,Osnovna škola Otrići-Dubrave
DUBROVAČKO-NERETVANSKA,Osnovna škola Petra Kanavelića
DUBROVAČKO-NERETVANSKA,Osnovna škola Primorje
DUBROVAČKO-NERETVANSKA,Osnovna škola Slano
DUBROVAČKO-NERETVANSKA,Osnovna škola Smokvica
DUBROVAČKO-NERETVANSKA,Osnovna škola Stjepana Radića
DUBROVAČKO-NERETVANSKA,Osnovna škola Ston
DUBROVAČKO-NERETVANSKA,Osnovna škola Trpanj
DUBROVAČKO-NERETVANSKA,Osnovna škola Vela Luka
DUBROVAČKO-NERETVANSKA,"Osnovna škola ""Vladimir Nazor"""
DUBROVAČKO-NERETVANSKA,Osnovna škola Župa Dubrovačka
DUBROVAČKO-NERETVANSKA,Biskupijska klasična gimnazija Ruđera Boškovića s pravom javnosti
DUBROVAČKO-NERETVANSKA,Dubrovačka privatna gimnazija
DUBROVAČKO-NERETVANSKA,Ekonomska i trgovačka škola
DUBROVAČKO-NERETVANSKA,Gimnazija Dubrovnik
DUBROVAČKO-NERETVANSKA,Gimnazija Metković
DUBROVAČKO-NERETVANSKA,Medicinska škola Dubrovnik
DUBROVAČKO-NERETVANSKA,Obrtnička i tehnička škola Dubrovnik
DUBROVAČKO-NERETVANSKA,Pomorsko-tehnička škola Dubrovnik
DUBROVAČKO-NERETVANSKA,Srednja Poljoprivredna i tehnička škola
DUBROVAČKO-NERETVANSKA,"Srednja škola ""Ivo Padovan"" Blato"
DUBROVAČKO-NERETVANSKA,Srednja škola fra Andrije Kačića Miošića
DUBROVAČKO-NERETVANSKA,Srednja škola Metković
DUBROVAČKO-NERETVANSKA,Srednja škola Petra Šegedina
DUBROVAČKO-NERETVANSKA,Srednja škola Vela Luka
DUBROVAČKO-NERETVANSKA,Turistička i ugostiteljska škola Dubrovnik
GRAD ZAGREB,Centar za autizam
GRAD ZAGREB,Centar za odgoj i obrazovanje Goljak
GRAD ZAGREB,Centar za odgoj i obrazovanje Slave Raškaj Zagreb
GRAD ZAGREB,Centar za odgoj i obrazovanje Tuškanac- Zagreb
GRAD ZAGREB,Centar za odgoj i obrazovanje Vinko Bek
GRAD ZAGREB,"Epoha, privatna osnovna škola s pravom javnosti"
GRAD ZAGREB,I. osnovna škola Dugave
GRAD ZAGREB,"Međunarodna britanska škola ""Vedri obzori"""
GRAD ZAGREB,Međunarodna škola Linea - Linea International School
GRAD ZAGREB,Osnovna Montessori škola Barunice Dedee Vranyczany
GRAD ZAGREB,Osnovna škola Alojzija Stepinca
GRAD ZAGREB,Osnovna škola Ante Kovačića
GRAD ZAGREB,Osnovna škola Antuna Branka Šimića
GRAD ZAGREB,Osnovna škola Antuna Gustava Matoša
GRAD ZAGREB,Osnovna škola Antuna Mihanovića
GRAD ZAGREB,Osnovna škola Augusta Cesarca
GRAD ZAGREB,Osnovna škola Augusta Harambašića
GRAD ZAGREB,Osnovna škola Augusta Šenoe
GRAD ZAGREB,Osnovna škola bana Josipa Jelačića
GRAD ZAGREB,Osnovna škola Bartola Kašića
GRAD ZAGREB,Osnovna škola Borovje
GRAD ZAGREB,Osnovna škola braće Radić
GRAD ZAGREB,Osnovna škola Brestje
GRAD ZAGREB,Osnovna škola Brezovica
GRAD ZAGREB,Osnovna škola Bukovac
GRAD ZAGREB,Osnovna škola centar
GRAD ZAGREB,Osnovna škola Cvjetno Naselje
GRAD ZAGREB,Osnovna škola Davorina Trstenjaka
GRAD ZAGREB,Osnovna škola Dobriše Cesarića
GRAD ZAGREB,Osnovna škola Dominik Savio
GRAD ZAGREB,Osnovna škola dr. Ante Starčevića
GRAD ZAGREB,Osnovna škola dr. Ivan Merz
GRAD ZAGREB,Osnovna škola Dr. Vinka Žganca
GRAD ZAGREB,Osnovna škola Dragutina Domjanića
GRAD ZAGREB,Osnovna škola Dragutina Kušlana
GRAD ZAGREB,Osnovna škola Dragutina Tadijanovića
GRAD ZAGREB,Osnovna škola Frana Galovića
GRAD ZAGREB,Osnovna škola Frana Krste Frankopana
GRAD ZAGREB,Osnovna škola Gornje Vrapče
GRAD ZAGREB,Osnovna škola Granešina
GRAD ZAGREB,Osnovna škola Gračani
GRAD ZAGREB,Osnovna škola Grigora Viteza
GRAD ZAGREB,Osnovna škola grofa Janka Draškovića
GRAD ZAGREB,Osnovna škola Gustava Krkleca
GRAD ZAGREB,Osnovna škola Horvati
GRAD ZAGREB,Osnovna škola Hrvatski Leskovac
GRAD ZAGREB,Osnovna škola Hugo Kon
GRAD ZAGREB,Osnovna škola Ivana Cankara
GRAD ZAGREB,Osnovna škola Ivana Filipovića
GRAD ZAGREB,Osnovna škola Ivana Gorana Kovačića
GRAD ZAGREB,Osnovna škola Ivana Granđe
GRAD ZAGREB,Osnovna škola Ivana Gundulića
GRAD ZAGREB,Osnovna škola Ivana Mažuranića
GRAD ZAGREB,Osnovna škola Ivana Meštrovića
GRAD ZAGREB,Osnovna škola Ivanja Reka
GRAD ZAGREB,Osnovna škola Ive Andrića
GRAD ZAGREB,Osnovna škola Iver
GRAD ZAGREB,Osnovna škola Izidora Kršnjavoga
GRAD ZAGREB,Osnovna škola Jabukovac - Zagreb
GRAD ZAGREB,Osnovna škola Jelkovec
GRAD ZAGREB,Osnovna škola Jordanovac
GRAD ZAGREB,Osnovna škola Josipa Jurja Strossmayera
GRAD ZAGREB,Osnovna škola Josipa Račića
GRAD ZAGREB,Osnovna škola Julija Klovića
GRAD ZAGREB,Osnovna škola Jure Kaštelana
GRAD ZAGREB,Osnovna škola Kajzerica
GRAD ZAGREB,Osnovna škola kralja Tomislava
GRAD ZAGREB,Osnovna škola Kreativan razvoj s pravom javnosti
GRAD ZAGREB,Osnovna škola Ksavera Šandora Gjalskog
GRAD ZAGREB,Osnovna škola Kustošija
GRAD ZAGREB,Osnovna škola Ljubljanica
GRAD ZAGREB,"Osnovna škola ""Lotrščak"""
GRAD ZAGREB,Osnovna škola Lovre pl. Matačića
GRAD ZAGREB,Osnovna škola Luka
GRAD ZAGREB,Osnovna škola Lučko
GRAD ZAGREB,Osnovna škola Malešnica
GRAD ZAGREB,Osnovna škola Marije Jurić Zagorke
GRAD ZAGREB,Osnovna škola Marina Držića
GRAD ZAGREB,Osnovna škola Markuševec
GRAD ZAGREB,Osnovna škola Mate Lovraka
GRAD ZAGREB,Osnovna škola Matije Gupca
GRAD ZAGREB,Osnovna škola Matka Laginje
GRAD ZAGREB,Osnovna škola Medvedgrad
GRAD ZAGREB,Osnovna škola Miroslava Krleže
GRAD ZAGREB,Osnovna škola Mladost
GRAD ZAGREB,Osnovna škola nad Lipom
GRAD ZAGREB,Osnovna škola Nikole Tesle
GRAD ZAGREB,Osnovna škola Odra
GRAD ZAGREB,Osnovna škola Otok
GRAD ZAGREB,Osnovna škola Otona Ivekovića
GRAD ZAGREB,Osnovna škola Pantovčak
GRAD ZAGREB,Osnovna škola Pavleka Miškine
GRAD ZAGREB,Osnovna škola Petra Preradovića
GRAD ZAGREB,Osnovna škola Petra Zrinskog
GRAD ZAGREB,Osnovna škola Prečko
GRAD ZAGREB,Osnovna škola Rapska
GRAD ZAGREB,Osnovna škola Remete
GRAD ZAGREB,Osnovna škola Retkovec
GRAD ZAGREB,Osnovna škola Rudeš
GRAD ZAGREB,Osnovna škola Ružičnjak
GRAD ZAGREB,Osnovna škola Savski Gaj
GRAD ZAGREB,Osnovna škola Sesvete
GRAD ZAGREB,Osnovna škola Sesvetska Sela
GRAD ZAGREB,Osnovna škola Sesvetska Sopnica
GRAD ZAGREB,Osnovna škola Sesvetski Kraljevec
GRAD ZAGREB,Osnovna škola Silvija Strahimira Kranjčevića
GRAD ZAGREB,Osnovna škola Središće
GRAD ZAGREB,Osnovna škola Stenjevec
GRAD ZAGREB,Osnovna škola Stjepana Bencekovića
GRAD ZAGREB,Osnovna škola Sveta Klara
GRAD ZAGREB,Osnovna škola Tina Ujevića
GRAD ZAGREB,Osnovna škola Tituša Brezovačkog
GRAD ZAGREB,Osnovna škola Trnjanska
GRAD ZAGREB,Osnovna škola Trnsko
GRAD ZAGREB,Osnovna škola Većeslava Holjevca
GRAD ZAGREB,Osnovna škola Vjenceslava Novaka
GRAD ZAGREB,Osnovna škola Vladimira Nazora
GRAD ZAGREB,Osnovna škola Voltino
GRAD ZAGREB,Osnovna škola Vrbani
GRAD ZAGREB,Osnovna škola Vugrovec-Kašina
GRAD ZAGREB,Osnovna škola Vukomerec
GRAD ZAGREB,Osnovna škola Zapruđe
GRAD ZAGREB,Osnovna škola Čučerje
GRAD ZAGREB,Osnovna škola Šestine
GRAD ZAGREB,Osnovna škola Špansko Oranice
GRAD ZAGREB,Osnovna škola Žitnjak
GRAD ZAGREB,Osnovna škola Žuti Brijeg
GRAD ZAGREB,Poliklinika za rehabilitaciju slušanja i govora SUVAG
GRAD ZAGREB,Privatna klasična osnovna škola s pravom javnosti
GRAD ZAGREB,Prva katolička osnovna škola u Gradu Zagrebu
GRAD ZAGREB,Waldorfska škola u Zagrebu
GRAD ZAGREB,Agronomska škola Zagreb
GRAD ZAGREB,Druga ekonomska škola
GRAD ZAGREB,Elektrostrojarska obrtnička škola
GRAD ZAGREB,Elektrotehnička škola
GRAD ZAGREB,"Epoha, privatna gimnazija s pravom javnosti"
GRAD ZAGREB,Geodetska škola
GRAD ZAGREB,"Gimnazija i ekonomska škola Benedikta Kotruljevića, s pravom javnosti"
GRAD ZAGREB,Gimnazija Lucijana Vranjanina
GRAD ZAGREB,Gimnazija Marul
GRAD ZAGREB,Gimnazija Sesvete
GRAD ZAGREB,Gimnazija Tituša Brezovačkog
GRAD ZAGREB,Gornjogradska gimnazija
GRAD ZAGREB,Graditeljska tehnička škola
GRAD ZAGREB,Hotelijersko-turistička škola u Zagrebu
GRAD ZAGREB,Humanistička gimnazija
GRAD ZAGREB,I. gimnazija
GRAD ZAGREB,I. tehnička škola Tesla
GRAD ZAGREB,II. gimnazija
GRAD ZAGREB,III. gimnazija
GRAD ZAGREB,Industrijska strojarska škola
GRAD ZAGREB,Islamska gimnazija dr. Ahmeda Smajlovića
GRAD ZAGREB,IV. Gimnazija
GRAD ZAGREB,IX. gimnazija
GRAD ZAGREB,Klasična gimnazija
GRAD ZAGREB,Linigra-privatna škola s pravom javnosti
GRAD ZAGREB,Nadbiskupska klasična gimnazija s pravom javnosti
GRAD ZAGREB,Obrtnička i industrijska Graditeljska škola
GRAD ZAGREB,Obrtnička škola za Osobne Usluge
GRAD ZAGREB,Opća privatna gimnazija
GRAD ZAGREB,PKG Europska gimnazija Zagreb
GRAD ZAGREB,Policijska škola Josip Jović
GRAD ZAGREB,Prehrambeno-Tehnološka škola
GRAD ZAGREB,Prirodoslovna škola Vladimira Preloga
GRAD ZAGREB,"Privatna gimnazija Dr. Časl, s pravom javnosti"
GRAD ZAGREB,Privatna gimnazija i ekonomska škola Katarina Zrinski
GRAD ZAGREB,Privatna gimnazija i strukovna škola Svijet s pravom javnosti
GRAD ZAGREB,Privatna gimnazija i turističko-ugostiteljska škola Jure Kuprešak
GRAD ZAGREB,Privatna sportska i jezična gimnazija Franjo Bučar
GRAD ZAGREB,Privatna srednja škola AMAC međunarodna škola
GRAD ZAGREB,Privatna škola Futura
GRAD ZAGREB,"Privatna umjetnička gimnazija, s pravom javnosti"
GRAD ZAGREB,Prva ekonomska škola
GRAD ZAGREB,Prva privatna gimnazija s pravom javnosti
GRAD ZAGREB,Srednja škola Jelkovec
GRAD ZAGREB,Srednja waldorfska škola u Zagrebu
GRAD ZAGREB,Srpska Pravoslavna opća gimnazija Kantakuzina-Katarina Branković ustanova ˝s pravom javnosti˝
GRAD ZAGREB,Strojarska tehnička škola Fausta Vrančića
GRAD ZAGREB,Strojarska tehnička škola Frana Bošnjakovića
GRAD ZAGREB,Škola drvne tehnologije i šumarstva
GRAD ZAGREB,Škola Primijenjene umjetnosti i dizajna
GRAD ZAGREB,Škola za Cestovni Promet
GRAD ZAGREB,"Škola za grafiku, dizajn i medijsku produkciju"
GRAD ZAGREB,Škola za Medicinske Sestre Mlinarska
GRAD ZAGREB,Škola za Medicinske Sestre Vinogradska
GRAD ZAGREB,Škola za Medicinske Sestre Vrapče
GRAD ZAGREB,Škola za modu i dizajn
GRAD ZAGREB,Škola za montažu instalacija i metalnih konstrukcija
GRAD ZAGREB,Škola za Primalje
GRAD ZAGREB,Športska gimnazija
GRAD ZAGREB,Tehnička škola Ruđera Boškovića
GRAD ZAGREB,Tehnička škola za računalstvo i mrežne djelatnosti
GRAD ZAGREB,Tehnička škola Zagreb
GRAD ZAGREB,Treća ekonomska škola
GRAD ZAGREB,Trgovačka škola
GRAD ZAGREB,Ugostiteljsko-turističko Učilište
GRAD ZAGREB,Upravna škola Zagreb
GRAD ZAGREB,V. gimnazija
GRAD ZAGREB,Veterinarska škola
GRAD ZAGREB,VII. gimnazija
GRAD ZAGREB,X. gimnazija Ivan Supek
GRAD ZAGREB,XI. gimnazija
GRAD ZAGREB,XII. gimnazija
GRAD ZAGREB,XIII. gimnazija
GRAD ZAGREB,XV. gimnazija
GRAD ZAGREB,XVI. gimnazija
GRAD ZAGREB,XVIII. gimnazija
GRAD ZAGREB,Zdravstveno Učilište
GRAD ZAGREB,Ženska opća gimnazija Družbe sestara milosrdnica - s pravom javnosti
Grand Total,
ISTARSKA,Osnovna waldorfska škola Vodnjan - Dignano
ISTARSKA,Osnovna škola Centar
ISTARSKA,Osnovna škola Divšići
ISTARSKA,Osnovna škola dr Mate Demarina
ISTARSKA,Osnovna škola Fažana
ISTARSKA,Osnovna škola Finida
ISTARSKA,Osnovna škola Ivan Goran Kovačić Čepić
ISTARSKA,Osnovna škola Ivana Batelića - Raša
ISTARSKA,Osnovna škola Ivo Lola Ribar Labin
ISTARSKA,Osnovna škola Joakima Rakovca
ISTARSKA,Osnovna škola Jože Šurana Višnjan
ISTARSKA,Osnovna škola Jure Filipovića Barban
ISTARSKA,Osnovna škola Jurja Dobrile Rovinj
ISTARSKA,Osnovna škola Juršići
ISTARSKA,Osnovna škola Kaštanjer Pula
ISTARSKA,"Osnovna škola Marije i Line - Scuola elementare ""Marija i Lina"", Umag - Umago"
ISTARSKA,Osnovna škola Marčana
ISTARSKA,Osnovna škola Matije Vlačića
ISTARSKA,Osnovna škola Monte Zaro
ISTARSKA,Osnovna škola Petra Studenca Kanfanar
ISTARSKA,Osnovna škola Poreč
ISTARSKA,Osnovna škola - Scuola elementare Giuseppina Martinuzzi Pula-Pola
ISTARSKA,Osnovna škola - Scuola elementare Mate Balote Buje - Buie
ISTARSKA,Osnovna škola - Scuola elementare Milana Šorga Oprtalj - Portole
ISTARSKA,Osnovna škola - scuola elementare Rivarela
ISTARSKA,Osnovna škola Stoja
ISTARSKA,Osnovna škola Svetvinčenat
ISTARSKA,Osnovna škola Tar - Vabriga - Scuola elementare Torre - Abrega
ISTARSKA,Osnovna škola Tone Peruška Pula
ISTARSKA,"Osnovna škola ""Vazmoslav Gržalja"""
ISTARSKA,Osnovna škola Veli Vrh Pula
ISTARSKA,Osnovna škola Veruda Pula
ISTARSKA,Osnovna škola Vidikovac
ISTARSKA,Osnovna škola Vitomir Širola - Pajo
ISTARSKA,Osnovna škola Vladimira Gortana
ISTARSKA,Osnovna škola Vladimira Nazora - Krnica
ISTARSKA,Osnovna škola Vladimira Nazora Pazin
ISTARSKA,Osnovna škola Vladimira Nazora Potpićan
ISTARSKA,"Osnovna škola Vladimira Nazora - Scuola elementare ""Vladimir Nazor"""
ISTARSKA,Osnovna škola Vladimira Nazora – Scuola elementare Vladimir Nazor
ISTARSKA,Osnovna škola Vodnjan - scuola elementare Dignano
ISTARSKA,Osnovna škola Šijana Pula
ISTARSKA,Talijanska osnovna škola Galileo Galilei
ISTARSKA,"Talijanska osnovna škola - Scuola elementare italiana ""Bernardo Benussi"" Rovinj - Rovigno"
ISTARSKA,Talijanska osnovna škola - Scuola elementare italiana Bernardo Parentin Poreč - Parenzo
ISTARSKA,"Talijanska osnovna škola Scuola elementare italiana ""Edmondo De Amicis"" Buje Buie"
ISTARSKA,"Talijanska osnovna škola, Scuola elementare italiana, Novigrad - Cittanova"
ISTARSKA,Waldorfska škola u Brtonigli - Scuola Waldorf di Verteneglio
ISTARSKA,Škola za odgoj i obrazovanje - Pula
ISTARSKA,Ekonomska škola Pula
ISTARSKA,"Gimnazija i strukovna škola Jurja Dobrile, Pazin"
ISTARSKA,Gimnazija Pula
ISTARSKA,Gospodarska škola Istituto Professionale
ISTARSKA,Industrijsko - obrtnička škola Pula
ISTARSKA,Medicinska škola Pula
ISTARSKA,Pazinski Kolegij - klasična gimnazija Pazin s pravom javnosti
ISTARSKA,"Srednja škola ""Vladimir Gortan"" - scuola media superiore ""Vladimir Gortan"""
ISTARSKA,Srednja škola Buzet
ISTARSKA,Srednja škola Mate Balote
ISTARSKA,Srednja škola Mate Blažine Labin
ISTARSKA,"Srednja škola Zvane Črnje Rovinj, scuola media superiore ""Zvane Črnja"" Rovigno"
ISTARSKA,Strukovna škola Eugena Kumičića Rovinj - scuola di Formazione Professionale Eugen Kumičić Rovigno
ISTARSKA,Strukovna škola Pula
ISTARSKA,Škola primijenjenih umjetnosti i dizajna - Pula
ISTARSKA,"Škola za turizam, ugostiteljstvo i trgovinu"
ISTARSKA,"Talijanska srednja škola - Scuola media superiore italiana ""Leonardo da Vinci"" Buje - Buie"
ISTARSKA,"Talijanska srednja škola - Scuola media superiore italiana „Antonio Borme"" Rovinj - Rovigno"
ISTARSKA,"Talijanska srednja škola Dante Alighieri, Pula - scuola media superiore italiana Dante Alighieri, Pola"
ISTARSKA,Tehnička škola Pula
ISTARSKA,Turističko - ugostiteljska škola Antona Štifanića Poreč
KARLOVAČKA,Centar za odgoj i obrazovanje Djece i Mladeži
KARLOVAČKA,Osnovna škola ˝Antun Klasinc˝ Lasinja
KARLOVAČKA,Osnovna škola Banija
KARLOVAČKA,Osnovna škola Barilović
KARLOVAČKA,"Osnovna škola ""Braća Seljan"""
KARLOVAČKA,Osnovna škola Cetingrad
KARLOVAČKA,Osnovna škola Draganići
KARLOVAČKA,Osnovna škola Dragojle Jarnević
KARLOVAČKA,Osnovna škola Dubovac
KARLOVAČKA,Osnovna škola Eugena Kvaternika
KARLOVAČKA,Osnovna škola Generalski Stol
KARLOVAČKA,Osnovna škola Grabrik
KARLOVAČKA,"Osnovna škola ""Ivan Goran Kovačić"""
KARLOVAČKA,Osnovna škola Ivane Brlić - Mažuranić Ogulin
KARLOVAČKA,"Osnovna škola ""Josipdol"""
KARLOVAČKA,Osnovna škola Katarine Zrinski
KARLOVAČKA,Osnovna škola Mahično
KARLOVAČKA,Osnovna škola Netretić
KARLOVAČKA,Osnovna škola Plaški
KARLOVAČKA,Osnovna škola Rečica
KARLOVAČKA,"Osnovna škola ""Skakavac"""
KARLOVAČKA,"Osnovna škola ""Slava Raškaj"""
KARLOVAČKA,Osnovna škola Slunj
KARLOVAČKA,Osnovna škola Turanj
KARLOVAČKA,"Osnovna škola ""Vladimir Nazor"""
KARLOVAČKA,Osnovna škola Vojnić
KARLOVAČKA,Osnovna škola Švarča
KARLOVAČKA,Osnovna škola Žakanje
KARLOVAČKA,Prva osnovna škola
KARLOVAČKA,Ekonomsko - turistička škola
KARLOVAČKA,Gimnazija i strukovna škola Bernardina Frankopana
KARLOVAČKA,Gimnazija Karlovac
KARLOVAČKA,Medicinska škola
KARLOVAČKA,Mješovita Industrijsko - obrtnička škola
KARLOVAČKA,Obrtnička i tehnička škola Ogulin
KARLOVAČKA,Prirodoslovna škola Karlovac
KARLOVAČKA,Srednja škola Duga Resa
KARLOVAČKA,Srednja škola Slunj
KARLOVAČKA,Šumarska i Drvodjeljska škola Karlovac
KARLOVAČKA,Tehnička škola Karlovac
KARLOVAČKA,Trgovačko - ugostiteljska škola
KOPRIVNIČKO-KRIŽEVAČKA,"Centar za odgoj, obrazovanje i rehabilitaciju Križevci"
KOPRIVNIČKO-KRIŽEVAČKA,"Centar za odgoj, obrazovanje i rehabilitaciju Podravsko Sunce"
KOPRIVNIČKO-KRIŽEVAČKA,Osnovna škola Andrije Palmovića
KOPRIVNIČKO-KRIŽEVAČKA,Osnovna škola Antun Nemčić Gostovinski
KOPRIVNIČKO-KRIŽEVAČKA,"Osnovna škola ""Braća Radić"""
KOPRIVNIČKO-KRIŽEVAČKA,Osnovna škola Ferdinandovac
KOPRIVNIČKO-KRIŽEVAČKA,Osnovna škola Fran Koncelak Drnje
KOPRIVNIČKO-KRIŽEVAČKA,Osnovna škola Gola
KOPRIVNIČKO-KRIŽEVAČKA,"Osnovna škola ""Grigor Vitez"""
KOPRIVNIČKO-KRIŽEVAČKA,Osnovna škola Ivan Lacković Croata Kalinovac
KOPRIVNIČKO-KRIŽEVAČKA,Osnovna škola Kalnik
KOPRIVNIČKO-KRIŽEVAČKA,Osnovna škola Kloštar Podravski
KOPRIVNIČKO-KRIŽEVAČKA,Osnovna škola Koprivnički Bregi
KOPRIVNIČKO-KRIŽEVAČKA,Osnovna škola Koprivnički Ivanec
KOPRIVNIČKO-KRIŽEVAČKA,Osnovna škola Legrad
KOPRIVNIČKO-KRIŽEVAČKA,Osnovna škola Ljudevita Modeca Križevci
KOPRIVNIČKO-KRIŽEVAČKA,Osnovna škola Mihovil Pavlek Miškina Đelekovec
KOPRIVNIČKO-KRIŽEVAČKA,Osnovna škola Molve
KOPRIVNIČKO-KRIŽEVAČKA,"Osnovna škola ""Podolice"" Koprivnica"
KOPRIVNIČKO-KRIŽEVAČKA,"Osnovna škola ""prof.Blaž Mađer"", Novigrad Podravski"
KOPRIVNIČKO-KRIŽEVAČKA,Osnovna škola prof. Franje Viktora Šignjara
KOPRIVNIČKO-KRIŽEVAČKA,Osnovna škola Sidonije Rubido Erdody
KOPRIVNIČKO-KRIŽEVAČKA,Osnovna škola Sokolovac
KOPRIVNIČKO-KRIŽEVAČKA,Osnovna škola Sveti Petar Orehovec
KOPRIVNIČKO-KRIŽEVAČKA,"Osnovna škola ""Vladimir Nazor"" Križevci"
KOPRIVNIČKO-KRIŽEVAČKA,"Osnovna škola ""Đuro Ester"""
KOPRIVNIČKO-KRIŽEVAČKA,Osnovna škola Đurđevac
KOPRIVNIČKO-KRIŽEVAČKA,"Gimnazija "" Fran Galović"" Koprivnica"
KOPRIVNIČKO-KRIŽEVAČKA,Gimnazija dr. Ivana Kranjčeva Đurđevac
KOPRIVNIČKO-KRIŽEVAČKA,Gimnazija Ivana Zakmardija Dijankovečkoga Križevci
KOPRIVNIČKO-KRIŽEVAČKA,Obrtnička škola Koprivnica
KOPRIVNIČKO-KRIŽEVAČKA,Srednja Gospodarska škola Križevci
KOPRIVNIČKO-KRIŽEVAČKA,"Srednja škola ""Ivan Seljanec"" Križevci"
KOPRIVNIČKO-KRIŽEVAČKA,Srednja škola Koprivnica
KOPRIVNIČKO-KRIŽEVAČKA,Strukovna škola Đurđevac
KRAPINSKO-ZAGORSKA,Centar za odgoj i obrazovanje Krapinske Toplice
KRAPINSKO-ZAGORSKA,Centar za odgoj i obrazovanje Zajezda
KRAPINSKO-ZAGORSKA,Osnovna škola Ante Kovačića
KRAPINSKO-ZAGORSKA,Osnovna škola Antuna Mihanovića
KRAPINSKO-ZAGORSKA,Osnovna škola Antuna Mihanovića Petrovsko
KRAPINSKO-ZAGORSKA,"Osnovna škola Augusta Cesarca, Krapina"
KRAPINSKO-ZAGORSKA,Osnovna škola Bedekovčina
KRAPINSKO-ZAGORSKA,Osnovna škola Belec
KRAPINSKO-ZAGORSKA,Osnovna škola Donja Stubica
KRAPINSKO-ZAGORSKA,Osnovna škola Franje Horvata Kiša
KRAPINSKO-ZAGORSKA,Osnovna škola Gornje Jesenje
KRAPINSKO-ZAGORSKA,Osnovna škola Janka Leskovara
KRAPINSKO-ZAGORSKA,Osnovna škola Josipa Broza
KRAPINSKO-ZAGORSKA,Osnovna škola Konjščina
KRAPINSKO-ZAGORSKA,Osnovna škola Krapinske Toplice
KRAPINSKO-ZAGORSKA,Osnovna škola Ksavera Šandora Gjalskog
KRAPINSKO-ZAGORSKA,Osnovna škola Lijepa Naša
KRAPINSKO-ZAGORSKA,Osnovna škola Ljudevit Gaj Mihovljan
KRAPINSKO-ZAGORSKA,Osnovna škola Ljudevit Gaj u Krapini
KRAPINSKO-ZAGORSKA,Osnovna škola Marija Bistrica
KRAPINSKO-ZAGORSKA,Osnovna škola Matije Gupca
KRAPINSKO-ZAGORSKA,Osnovna škola Mače
KRAPINSKO-ZAGORSKA,Osnovna škola Oroslavje
KRAPINSKO-ZAGORSKA,Osnovna škola Pavla Štoosa
KRAPINSKO-ZAGORSKA,Osnovna škola Side Košutić Radoboj
KRAPINSKO-ZAGORSKA,Osnovna škola Stjepana Radića Brestovec Orehovički
KRAPINSKO-ZAGORSKA,Osnovna škola Sveti Križ Začretje
KRAPINSKO-ZAGORSKA,Osnovna škola Veliko Trgovišće
KRAPINSKO-ZAGORSKA,Osnovna škola Viktora Kovačića
KRAPINSKO-ZAGORSKA,Osnovna škola Vladimir Bosnar Stubičke Toplice
KRAPINSKO-ZAGORSKA,Osnovna škola Vladimir Nazor Budinščina
KRAPINSKO-ZAGORSKA,Osnovna škola Zlatar Bistrica
KRAPINSKO-ZAGORSKA,Osnovna škola Đure Prejca Desinić
KRAPINSKO-ZAGORSKA,Osnovna škola Đurmanec
KRAPINSKO-ZAGORSKA,Gimnazija Antuna Gustava Matoša - Zabok
KRAPINSKO-ZAGORSKA,Srednja škola Bedekovčina
KRAPINSKO-ZAGORSKA,Srednja škola Konjščina
KRAPINSKO-ZAGORSKA,Srednja škola Krapina
KRAPINSKO-ZAGORSKA,Srednja škola Oroslavje
KRAPINSKO-ZAGORSKA,Srednja škola Pregrada
KRAPINSKO-ZAGORSKA,Srednja škola Zabok
KRAPINSKO-ZAGORSKA,Srednja škola Zlatar
KRAPINSKO-ZAGORSKA,"Škola za umjetnost, dizajn, grafiku i odjeću Zabok"
LIČKO-SENJSKA,Osnovna škola a. g. Matoša Novalja
LIČKO-SENJSKA,Osnovna škola Anž Frankopan Kosinj
LIČKO-SENJSKA,Osnovna škola Donji Lapac
LIČKO-SENJSKA,Osnovna škola dr. Ante Starčević Pazarište-Klanac
LIČKO-SENJSKA,Osnovna škola dr. Franje Tuđmana
LIČKO-SENJSKA,Osnovna škola Dr. Franje Tuđmana Lički Osik
LIČKO-SENJSKA,Osnovna škola dr. Jure Turića
LIČKO-SENJSKA,Osnovna škola kralja Tomislava
LIČKO-SENJSKA,Osnovna škola Luke Perkovića Brinje
LIČKO-SENJSKA,"Osnovna škola ""Milan Sekulić"" Lovinac"
LIČKO-SENJSKA,Osnovna škola Perušić
LIČKO-SENJSKA,Osnovna škola Plitvička jezera
LIČKO-SENJSKA,Osnovna škola Silvija Strahimira Kranjčevića Senj
LIČKO-SENJSKA,Osnovna škola Zrinskih i Frankopana
LIČKO-SENJSKA,Osnovna škola „Šime Starčević“ Karlobag
LIČKO-SENJSKA,Gimnazija Gospić
LIČKO-SENJSKA,Srednja škola Otočac
LIČKO-SENJSKA,Srednja škola Pavla Rittera Vitezovića u Senju
LIČKO-SENJSKA,Srednja škola Plitvička jezera
LIČKO-SENJSKA,Strukovna škola Gospić
MEĐIMURSKA,Centar za odgoj i obrazovanje Čakovec
MEĐIMURSKA,I. osnovna škola Čakovec
MEĐIMURSKA,II. osnovna škola Čakovec
MEĐIMURSKA,III. osnovna škola Čakovec
MEĐIMURSKA,"Katolička osnovna škola Svetoga Josipa, Čakovec"
MEĐIMURSKA,Osnovna škola Belica
MEĐIMURSKA,Osnovna škola Domašinec
MEĐIMURSKA,Osnovna škola Donja Dubrava
MEĐIMURSKA,Osnovna škola Donji Kraljevec
MEĐIMURSKA,Osnovna škola Dr. Ivana Novaka Macinec
MEĐIMURSKA,Osnovna škola Dr. Vinka Žganca Vratišinec
MEĐIMURSKA,Osnovna škola Draškovec
MEĐIMURSKA,Osnovna škola Goričan
MEĐIMURSKA,Osnovna škola Gornji Mihaljevec
MEĐIMURSKA,Osnovna škola Hodošan
MEĐIMURSKA,Osnovna škola Ivana Gorana Kovačića Sveti Juraj na Bregu
MEĐIMURSKA,Osnovna škola Ivanovec
MEĐIMURSKA,Osnovna škola Jože Horvata Kotoriba
MEĐIMURSKA,Osnovna škola Kuršanec
MEĐIMURSKA,Osnovna škola Mursko Središće
MEĐIMURSKA,Osnovna škola Nedelišće
MEĐIMURSKA,Osnovna škola Orehovica
MEĐIMURSKA,Osnovna škola Petar Zrinski Šenkovec
MEĐIMURSKA,Osnovna škola Podturen
MEĐIMURSKA,Osnovna škola Prelog
MEĐIMURSKA,Osnovna škola Selnica
MEĐIMURSKA,Osnovna škola Strahoninec
MEĐIMURSKA,Osnovna škola Sveta Marija
MEĐIMURSKA,Osnovna škola Sveti Martin na Muri
MEĐIMURSKA,Osnovna škola Tomaša Goričanca Mala Subotica
MEĐIMURSKA,Osnovna škola Vladimira Nazora
MEĐIMURSKA,Osnovna škola Štrigova
MEĐIMURSKA,Ekonomska i trgovačka škola
MEĐIMURSKA,Gimnazija Josipa Slavenskog Čakovec
MEĐIMURSKA,Gospodarska škola
MEĐIMURSKA,Graditeljska škola Čakovec
MEĐIMURSKA,Srednja škola - Čakovec
MEĐIMURSKA,Srednja škola Prelog
MEĐIMURSKA,Tehnička škola Čakovec
OSJEČKO-BARANJSKA,Centar za autizam
OSJEČKO-BARANJSKA,Centar za odgoj i obrazovanje Ivan Štark
OSJEČKO-BARANJSKA,Osnovna škola Ante Starčevića Viljevo
OSJEČKO-BARANJSKA,Osnovna škola Antuna Mihanovića
OSJEČKO-BARANJSKA,Osnovna škola Antunovac
OSJEČKO-BARANJSKA,Osnovna škola August Harambašić
OSJEČKO-BARANJSKA,Osnovna škola August Šenoa
OSJEČKO-BARANJSKA,Osnovna škola Bijelo Brdo
OSJEČKO-BARANJSKA,Osnovna škola Bilje
OSJEČKO-BARANJSKA,Osnovna škola Bratoljuba Klaića
OSJEČKO-BARANJSKA,Osnovna škola Budrovci
OSJEČKO-BARANJSKA,Osnovna škola Cvjetno
OSJEČKO-BARANJSKA,Osnovna škola Dalj
OSJEČKO-BARANJSKA,Osnovna škola Darda
OSJEČKO-BARANJSKA,Osnovna škola Dobriša Cesarić
OSJEČKO-BARANJSKA,Osnovna škola Dore Pejačević Našice
OSJEČKO-BARANJSKA,"Osnovna škola ""Dr. Franjo Tuđman"""
OSJEČKO-BARANJSKA,Osnovna škola Draž
OSJEČKO-BARANJSKA,Osnovna škola Drenje
OSJEČKO-BARANJSKA,Osnovna škola Ernestinovo
OSJEČKO-BARANJSKA,Osnovna škola Frana Krste Frankopana
OSJEČKO-BARANJSKA,Osnovna škola Franje Krežme
OSJEČKO-BARANJSKA,Osnovna škola Gorjani
OSJEČKO-BARANJSKA,Osnovna škola Grigor Vitez
OSJEČKO-BARANJSKA,Osnovna škola Hinka Juhna Podgorač
OSJEČKO-BARANJSKA,Osnovna škola Hrvatski sokol
OSJEČKO-BARANJSKA,Osnovna škola Ivan Goran Kovačić
OSJEČKO-BARANJSKA,Osnovna škola Ivana Brlić Mažuranić
OSJEČKO-BARANJSKA,Osnovna škola Ivana Brnjika Slovaka
OSJEČKO-BARANJSKA,Osnovna škola Ivana Filipovića
OSJEČKO-BARANJSKA,Osnovna škola Ivana Kukuljevića
OSJEČKO-BARANJSKA,Osnovna škola Ivana Tišova
OSJEČKO-BARANJSKA,Osnovna škola Ivane Brlić Mažuranić
OSJEČKO-BARANJSKA,Osnovna škola Jagode Truhelke
OSJEČKO-BARANJSKA,Osnovna škola Jagodnjak
OSJEČKO-BARANJSKA,Osnovna škola Josip Kozarac
OSJEČKO-BARANJSKA,Osnovna škola Josipa Antuna Ćolnića
OSJEČKO-BARANJSKA,Osnovna škola Josipa Jurja Strossmayera
OSJEČKO-BARANJSKA,Osnovna škola Josipa Jurja Strossmayera
OSJEČKO-BARANJSKA,Osnovna škola Josipa Kozarca
OSJEČKO-BARANJSKA,Osnovna škola Josipovac
OSJEČKO-BARANJSKA,Osnovna škola Kneževi Vinogradi
OSJEČKO-BARANJSKA,Osnovna škola kralja Tomislava
OSJEČKO-BARANJSKA,Osnovna škola Ladimirevci
OSJEČKO-BARANJSKA,Osnovna škola Laslovo
OSJEČKO-BARANJSKA,Osnovna škola Ljudevita Gaja
OSJEČKO-BARANJSKA,Osnovna škola Lug - Laskói Általános Iskola
OSJEČKO-BARANJSKA,Osnovna škola Mate Lovraka
OSJEČKO-BARANJSKA,Osnovna škola Matija Gubec
OSJEČKO-BARANJSKA,Osnovna škola Matija Gubec
OSJEČKO-BARANJSKA,"Osnovna škola ""Matija Gubec"""
OSJEČKO-BARANJSKA,Osnovna škola Matije Petra Katančića
OSJEČKO-BARANJSKA,Osnovna škola Milka Cepelića
OSJEČKO-BARANJSKA,Osnovna škola Miroslava Krleže
OSJEČKO-BARANJSKA,Osnovna škola Mladost
OSJEČKO-BARANJSKA,Osnovna škola Petrijevci
OSJEČKO-BARANJSKA,Osnovna škola Popovac
OSJEČKO-BARANJSKA,Osnovna škola Retfala
OSJEČKO-BARANJSKA,Osnovna škola Satnica Đakovačka
OSJEČKO-BARANJSKA,Osnovna škola Silvije Strahimir Kranjčević
OSJEČKO-BARANJSKA,Osnovna škola Svete Ane u Osijeku
OSJEČKO-BARANJSKA,Osnovna škola Tenja
OSJEČKO-BARANJSKA,Osnovna škola Tin Ujević
OSJEČKO-BARANJSKA,Osnovna škola Vijenac
OSJEČKO-BARANJSKA,Osnovna škola Višnjevac
OSJEČKO-BARANJSKA,Osnovna škola Vladimir Nazor
OSJEČKO-BARANJSKA,Osnovna škola Vladimir Nazor
OSJEČKO-BARANJSKA,Osnovna škola Vladimira Becića Osijek
OSJEČKO-BARANJSKA,Osnovna škola Vladimira Nazora
OSJEČKO-BARANJSKA,Osnovna škola Zmajevac
OSJEČKO-BARANJSKA,Osnovna škola Đakovački Selci
OSJEČKO-BARANJSKA,Osnovna škola Šećerana
OSJEČKO-BARANJSKA,Prosvjetno-Kulturni centar Mađara u Republici Hrvatskoj
OSJEČKO-BARANJSKA,Waldorfska škola u Osijeku
OSJEČKO-BARANJSKA,Druga srednja škola Beli Manastir
OSJEČKO-BARANJSKA,EDukOS-privatna srednja škola s pravom javnosti
OSJEČKO-BARANJSKA,Ekonomska i Upravna škola Osijek
OSJEČKO-BARANJSKA,Ekonomska škola Braća Radić
OSJEČKO-BARANJSKA,Elektrotehnička i prometna škola Osijek
OSJEČKO-BARANJSKA,"Gaudeamus, prva privatna srednja škola u Osijeku s pravom javnosti"
OSJEČKO-BARANJSKA,Gimnazija a.g.Matoša
OSJEČKO-BARANJSKA,Gimnazija Beli Manastir
OSJEČKO-BARANJSKA,Graditeljsko - Geodetska škola Osijek
OSJEČKO-BARANJSKA,I. Gimnazija Osijek
OSJEČKO-BARANJSKA,II. gimnazija Osijek
OSJEČKO-BARANJSKA,III. Gimnazija Osijek
OSJEČKO-BARANJSKA,Isusovačka klasična gimnazija s pravom javnosti u Osijeku
OSJEČKO-BARANJSKA,Medicinska škola Osijek
OSJEČKO-BARANJSKA,Obrtnička škola Osijek
OSJEČKO-BARANJSKA,Poljoprivredna i veterinarska škola Osijek
OSJEČKO-BARANJSKA,Prva srednja škola Beli Manastir
OSJEČKO-BARANJSKA,Srednja strukovna škola Antuna Horvata
OSJEČKO-BARANJSKA,Srednja škola Dalj
OSJEČKO-BARANJSKA,Srednja škola Donji Miholjac
OSJEČKO-BARANJSKA,Srednja škola Isidora Kršnjavoga Našice
OSJEČKO-BARANJSKA,Srednja škola Josipa Kozarca Đurđenovac
OSJEČKO-BARANJSKA,Srednja škola Valpovo
OSJEČKO-BARANJSKA,Strojarska tehnička škola Osijek
OSJEČKO-BARANJSKA,Škola Primijenjene umjetnosti i dizajna Osijek
OSJEČKO-BARANJSKA,Tehnička škola i prirodoslovna gimnazija Ruđera Boškovića
OSJEČKO-BARANJSKA,Trgovačka i Komercijalna škola Davor Milas
OSJEČKO-BARANJSKA,Ugostiteljsko-turistička škola
POŽEŠKO-SLAVONSKA,Katolička osnovna škola u Požegi
POŽEŠKO-SLAVONSKA,Osnovna škola Antuna Kanižlića
POŽEŠKO-SLAVONSKA,Osnovna škola braće Radića Pakrac
POŽEŠKO-SLAVONSKA,"Osnovna škola ""Dobriša Cesarić"""
POŽEŠKO-SLAVONSKA,Osnovna škola Dragutina Lermana
POŽEŠKO-SLAVONSKA,Osnovna škola fra Kaje Adžića Pleternica
POŽEŠKO-SLAVONSKA,Osnovna škola Grigora Viteza Poljana
POŽEŠKO-SLAVONSKA,Osnovna škola Ivan Goran Kovačić
POŽEŠKO-SLAVONSKA,Osnovna škola Julija Kempfa
POŽEŠKO-SLAVONSKA,Osnovna škola Lipik
POŽEŠKO-SLAVONSKA,Osnovna škola Mladost
POŽEŠKO-SLAVONSKA,Osnovna škola Stjepana Radića Čaglin
POŽEŠKO-SLAVONSKA,Osnovna škola Vilima Korajca
POŽEŠKO-SLAVONSKA,Osnovna škola Vladimir Nazor
POŽEŠKO-SLAVONSKA,Osnovna škola Zdenka Turkovića
POŽEŠKO-SLAVONSKA,Ekonomska škola Požega - izdvojena lokacija Pleternica
POŽEŠKO-SLAVONSKA,"Ekonomska škola, Požega"
POŽEŠKO-SLAVONSKA,Gimnazija Požega
POŽEŠKO-SLAVONSKA,Katolička gimnazija s pravom javnosti
POŽEŠKO-SLAVONSKA,Obrtnička škola
POŽEŠKO-SLAVONSKA,Poljoprivredno-prehrambena škola
POŽEŠKO-SLAVONSKA,Srednja škola Pakrac
POŽEŠKO-SLAVONSKA,Tehnička škola
PRIMORSKO-GORANSKA,Centar za autizam Rijeka
PRIMORSKO-GORANSKA,Centar za odgoj i obrazovanje
PRIMORSKO-GORANSKA,Katolička osnovna škola Josip Pavlišić
PRIMORSKO-GORANSKA,Međunarodna osnovna škola Adria
PRIMORSKO-GORANSKA,Osnovna waldorfska škola
PRIMORSKO-GORANSKA,Osnovna škola Bakar
PRIMORSKO-GORANSKA,Osnovna škola Brajda
PRIMORSKO-GORANSKA,Osnovna škola Brod Moravice
PRIMORSKO-GORANSKA,Osnovna škola centar
PRIMORSKO-GORANSKA,Osnovna škola Dr. Andrija Mohorovičić
PRIMORSKO-GORANSKA,Osnovna škola Dr. Branimira Markovića
PRIMORSKO-GORANSKA,Osnovna škola dr. Josipa Pančića Bribir
PRIMORSKO-GORANSKA,Osnovna škola Drago Gervais
PRIMORSKO-GORANSKA,Osnovna škola Eugen Kumičić
PRIMORSKO-GORANSKA,Osnovna škola Fran Franković
PRIMORSKO-GORANSKA,Osnovna škola Fran Krsto Frankopan Krk
PRIMORSKO-GORANSKA,Osnovna škola Frana Krste Frankopana
PRIMORSKO-GORANSKA,Osnovna škola Frane Petrića
PRIMORSKO-GORANSKA,Osnovna škola Gornja Vežica
PRIMORSKO-GORANSKA,Osnovna škola Hreljin
PRIMORSKO-GORANSKA,Osnovna škola Ivana Gorana Kovačića
PRIMORSKO-GORANSKA,Osnovna škola Ivana Gorana Kovačića Vrbovsko
PRIMORSKO-GORANSKA,Osnovna škola Ivana Mažuranića
PRIMORSKO-GORANSKA,Osnovna škola Ivana Rabljanina Rab
PRIMORSKO-GORANSKA,Osnovna škola Ivana Zajca
PRIMORSKO-GORANSKA,Osnovna škola Ivanke Trohar
PRIMORSKO-GORANSKA,Osnovna škola Jelenje - Dražice
PRIMORSKO-GORANSKA,Osnovna škola Jurja Klovića Tribalj
PRIMORSKO-GORANSKA,Osnovna škola ˝Kantrida˝
PRIMORSKO-GORANSKA,Osnovna škola Klana
PRIMORSKO-GORANSKA,Osnovna škola Kostrena
PRIMORSKO-GORANSKA,Osnovna škola Kozala
PRIMORSKO-GORANSKA,Osnovna škola Kraljevica
PRIMORSKO-GORANSKA,Osnovna škola Malinska-Dubašnica
PRIMORSKO-GORANSKA,Osnovna škola Maria Martinolića
PRIMORSKO-GORANSKA,Osnovna škola ˝Milan Brozović˝
PRIMORSKO-GORANSKA,Osnovna škola Mrkopalj
PRIMORSKO-GORANSKA,Osnovna škola Nikola Tesla
PRIMORSKO-GORANSKA,Osnovna škola Omišalj
PRIMORSKO-GORANSKA,Osnovna škola Pehlin
PRIMORSKO-GORANSKA,Osnovna škola Petar Zrinski Čabar
PRIMORSKO-GORANSKA,Osnovna škola Pećine
PRIMORSKO-GORANSKA,Osnovna škola Podmurvice
PRIMORSKO-GORANSKA,Osnovna škola Rikard Katalinić Jeretov
PRIMORSKO-GORANSKA,Osnovna škola Rudolfa Strohala
PRIMORSKO-GORANSKA,Osnovna škola - scuola elementare Belvedere
PRIMORSKO-GORANSKA,Osnovna škola - Scuola elementare Dolac
PRIMORSKO-GORANSKA,Osnovna škola - Scuola elementare Gelsi
PRIMORSKO-GORANSKA,Osnovna škola - scuola elementare ˝San Nicolo˝
PRIMORSKO-GORANSKA,Osnovna škola Skrad
PRIMORSKO-GORANSKA,"Osnovna škola ""Srdoči"""
PRIMORSKO-GORANSKA,Osnovna škola Sveti Matej
PRIMORSKO-GORANSKA,"Osnovna škola ""Trsat"""
PRIMORSKO-GORANSKA,Osnovna škola Turnić
PRIMORSKO-GORANSKA,Osnovna škola Vežica
PRIMORSKO-GORANSKA,Osnovna škola Viktora Cara Emina
PRIMORSKO-GORANSKA,Osnovna škola Vladimir Gortan
PRIMORSKO-GORANSKA,Osnovna škola Vladimira Nazora Crikvenica
PRIMORSKO-GORANSKA,Osnovna škola Zamet
PRIMORSKO-GORANSKA,Osnovna škola Zvonka Cara
PRIMORSKO-GORANSKA,Osnovna škola Čavle
PRIMORSKO-GORANSKA,Osnovna škola Škurinje Rijeka
PRIMORSKO-GORANSKA,Centar za pružanje usluga u zajednici Mali Lošinj
PRIMORSKO-GORANSKA,Drvodjeljska i strojarska škola Rijeka
PRIMORSKO-GORANSKA,Ekonomska škola Mije Mirkovića Rijeka
PRIMORSKO-GORANSKA,Elektroindustrijska i obrtnička škola Rijeka
PRIMORSKO-GORANSKA,Gimnazija Andrije Mohorovičića Rijeka
PRIMORSKO-GORANSKA,Gimnazija Eugena Kumičića Opatija
PRIMORSKO-GORANSKA,Graditeljska škola za Industriju i Obrt
PRIMORSKO-GORANSKA,Građevinska tehnička škola
PRIMORSKO-GORANSKA,Hotelijersko - turistička škola
PRIMORSKO-GORANSKA,Medicinska škola u Rijeci
PRIMORSKO-GORANSKA,Međunarodna srednja škola Adria
PRIMORSKO-GORANSKA,Obrtnička škola
PRIMORSKO-GORANSKA,Pomorska škola
PRIMORSKO-GORANSKA,Prirodoslovna i grafička škola Rijeka
PRIMORSKO-GORANSKA,Prometna škola
PRIMORSKO-GORANSKA,Prva Riječka Hrvatska gimnazija
PRIMORSKO-GORANSKA,Prva Sušačka Hrvatska gimnazija u Rijeci
PRIMORSKO-GORANSKA,Salezijanska klasična gimnazija - s pravom javnosti
PRIMORSKO-GORANSKA,Srednja škola Ambroza Haračića
PRIMORSKO-GORANSKA,Srednja škola Ambroza Haračića - ustrojstveni dio Cres
PRIMORSKO-GORANSKA,Srednja škola Andrije Ljudevita Adamića
PRIMORSKO-GORANSKA,Srednja škola Delnice
PRIMORSKO-GORANSKA,Srednja škola dr. Antuna Barca Crikvenica
PRIMORSKO-GORANSKA,Srednja škola Hrvatski kralj Zvonimir
PRIMORSKO-GORANSKA,Srednja škola Markantuna de Dominisa Rab
PRIMORSKO-GORANSKA,Srednja škola Vladimir Nazor
PRIMORSKO-GORANSKA,Srednja škola za elektrotehniku i računalstvo
PRIMORSKO-GORANSKA,Srednja Talijanska škola - Rijeka scuola media superiore italiana - Fiume
PRIMORSKO-GORANSKA,Srednja waldorfska škola u Rijeci
PRIMORSKO-GORANSKA,Strojarska škola za industrijska i obrtnička zanimanja
PRIMORSKO-GORANSKA,Škola za primijenjenu umjetnost u Rijeci
PRIMORSKO-GORANSKA,Škola za trgovinu i modni dizajn Rijeka
PRIMORSKO-GORANSKA,"Tehnička škola, Rijeka"
PRIMORSKO-GORANSKA,Ugostiteljska škola Opatija
PRIMORSKO-GORANSKA,Željeznička tehnička škola Moravice
ŠIBENSKO-KNINSKA,Centar za odgoj i obrazovanje Šubićevac
ŠIBENSKO-KNINSKA,Katolička osnovna škola
ŠIBENSKO-KNINSKA,Osnovna škola Antuna Mihanovića Petropoljskog
ŠIBENSKO-KNINSKA,Osnovna škola Brodarica
ŠIBENSKO-KNINSKA,Osnovna škola Domovinske Zahvalnosti
ŠIBENSKO-KNINSKA,Osnovna škola dr. Franje Tuđmana
ŠIBENSKO-KNINSKA,Osnovna škola Fausta Vrančića
ŠIBENSKO-KNINSKA,Osnovna škola Jakova Gotovca
ŠIBENSKO-KNINSKA,Osnovna škola Jurja Dalmatinca Šibenik
ŠIBENSKO-KNINSKA,Osnovna škola Jurja Šižgorića
ŠIBENSKO-KNINSKA,Osnovna škola Kistanje
ŠIBENSKO-KNINSKA,"Osnovna škola ""Meterize"""
ŠIBENSKO-KNINSKA,Osnovna škola Murterski Škoji
ŠIBENSKO-KNINSKA,Osnovna škola Petra Krešimira IV.
ŠIBENSKO-KNINSKA,Osnovna škola Pirovac
ŠIBENSKO-KNINSKA,Osnovna škola Primošten
ŠIBENSKO-KNINSKA,Osnovna škola Rogoznica
ŠIBENSKO-KNINSKA,Osnovna škola Skradin
ŠIBENSKO-KNINSKA,Osnovna škola Tina Ujevića
ŠIBENSKO-KNINSKA,Osnovna škola Vidici
ŠIBENSKO-KNINSKA,Osnovna škola Vjekoslava Kaleba
ŠIBENSKO-KNINSKA,Osnovna škola Vodice
ŠIBENSKO-KNINSKA,Osnovna škola Vrpolje
ŠIBENSKO-KNINSKA,Osnovna škola Čista Velika
ŠIBENSKO-KNINSKA,Ekonomska škola Šibenik
ŠIBENSKO-KNINSKA,Gimnazija Antuna Vrančića
ŠIBENSKO-KNINSKA,Industrijsko-obrtnička škola Šibenik
ŠIBENSKO-KNINSKA,Medicinska škola
ŠIBENSKO-KNINSKA,Prometno-tehnička škola Šibenik
ŠIBENSKO-KNINSKA,Srednja strukovna škola kralja Zvonimira
ŠIBENSKO-KNINSKA,Srednja strukovna škola Šibenik
ŠIBENSKO-KNINSKA,Srednja škola Ivana Meštrovića Drniš
ŠIBENSKO-KNINSKA,Srednja škola Lovre Montija
ŠIBENSKO-KNINSKA,Tehnička škola
ŠIBENSKO-KNINSKA,Turističko-ugostiteljska škola Šibenik
SISAČKO-MOSLAVAČKA,I. osnovna škola Petrinja
SISAČKO-MOSLAVAČKA,Katolička osnovna škola u Novskoj
SISAČKO-MOSLAVAČKA,Katolička osnovna škola u Sisku
SISAČKO-MOSLAVAČKA,Osnovna škola 22. lipnja
SISAČKO-MOSLAVAČKA,Osnovna škola Banova Jaruga
SISAČKO-MOSLAVAČKA,"Osnovna škola ""Braća Bobetko"" Sisak"
SISAČKO-MOSLAVAČKA,Osnovna škola Braća Radić
SISAČKO-MOSLAVAČKA,Osnovna škola Braća Ribar
SISAČKO-MOSLAVAČKA,Osnovna škola Budaševo-Topolovac-Gušće
SISAČKO-MOSLAVAČKA,Osnovna škola Davorina Trstenjaka
SISAČKO-MOSLAVAČKA,Osnovna škola Dragutina Tadijanovića Petrinja
SISAČKO-MOSLAVAČKA,Osnovna škola Dvor
SISAČKO-MOSLAVAČKA,Osnovna škola Galdovo
SISAČKO-MOSLAVAČKA,Osnovna škola Glina
SISAČKO-MOSLAVAČKA,Osnovna škola Gvozd
SISAČKO-MOSLAVAČKA,Osnovna škola Ivan Goran Kovačić
SISAČKO-MOSLAVAČKA,Osnovna škola Ivana Antolčića Komarevo
SISAČKO-MOSLAVAČKA,Osnovna škola Ivana Kukuljevića Sisak
SISAČKO-MOSLAVAČKA,Osnovna škola Ivo Kozarčanin
SISAČKO-MOSLAVAČKA,Osnovna škola Jabukovac
SISAČKO-MOSLAVAČKA,Osnovna škola Jasenovac
SISAČKO-MOSLAVAČKA,Osnovna škola Josipa Kozarca
SISAČKO-MOSLAVAČKA,Osnovna škola Katarina Zrinska Mečenčani
SISAČKO-MOSLAVAČKA,Osnovna škola Ludina
SISAČKO-MOSLAVAČKA,Osnovna škola Mate Lovraka
SISAČKO-MOSLAVAČKA,Osnovna škola Mate Lovraka Petrinja
SISAČKO-MOSLAVAČKA,Osnovna škola Mladost
SISAČKO-MOSLAVAČKA,Osnovna škola Novska
SISAČKO-MOSLAVAČKA,Osnovna škola Popovača
SISAČKO-MOSLAVAČKA,Osnovna škola Rajić
SISAČKO-MOSLAVAČKA,Osnovna škola Sela
SISAČKO-MOSLAVAČKA,Osnovna škola Stjepana Kefelje
SISAČKO-MOSLAVAČKA,Osnovna škola Sunja
SISAČKO-MOSLAVAČKA,Osnovna škola Viktorovac
SISAČKO-MOSLAVAČKA,Osnovna škola Vladimir Nazor Topusko
SISAČKO-MOSLAVAČKA,Osnovna škola Vladimira Vidrića
SISAČKO-MOSLAVAČKA,Osnovna škola Zorke Sever
SISAČKO-MOSLAVAČKA,Osnovna škola Zvonimira Franka
SISAČKO-MOSLAVAČKA,Ekonomska škola Sisak
SISAČKO-MOSLAVAČKA,Gimnazija Sisak
SISAČKO-MOSLAVAČKA,Industrijsko-obrtnička škola Sisak
SISAČKO-MOSLAVAČKA,Katolička opća gimnazija
SISAČKO-MOSLAVAČKA,Srednja škola Glina
SISAČKO-MOSLAVAČKA,Srednja škola Ivana Trnskoga
SISAČKO-MOSLAVAČKA,Srednja škola Novska
SISAČKO-MOSLAVAČKA,Srednja škola Petrinja
SISAČKO-MOSLAVAČKA,Srednja škola Tina Ujevića
SISAČKO-MOSLAVAČKA,Srednja škola Topusko
SISAČKO-MOSLAVAČKA,Srednja škola Viktorovac
SISAČKO-MOSLAVAČKA,Strukovna škola Sisak
SISAČKO-MOSLAVAČKA,Tehnička škola Kutina
SISAČKO-MOSLAVAČKA,Tehnička škola Sisak
SPLITSKO-DALMATINSKA,Centar za odgoj i obrazovanje Juraj Bonači
SPLITSKO-DALMATINSKA,Centar za odgoj i obrazovanje Slava Raškaj
SPLITSKO-DALMATINSKA,Međunarodna škola Harfa
SPLITSKO-DALMATINSKA,Međunarodna škola Ilirija
SPLITSKO-DALMATINSKA,Osnovna škola 1. Listopada 1942.
SPLITSKO-DALMATINSKA,Osnovna škola Ante Anđelinović
SPLITSKO-DALMATINSKA,Osnovna škola Ante Starčevića
SPLITSKO-DALMATINSKA,Osnovna škola Bariše Granića Meštra
SPLITSKO-DALMATINSKA,Osnovna škola Bijaći
SPLITSKO-DALMATINSKA,Osnovna škola Blatine-Škrape
SPLITSKO-DALMATINSKA,Osnovna škola Bol
SPLITSKO-DALMATINSKA,Osnovna škola ˝Bol˝
SPLITSKO-DALMATINSKA,Osnovna škola braće Radića
SPLITSKO-DALMATINSKA,Osnovna škola Brda
SPLITSKO-DALMATINSKA,Osnovna škola Dinka Šimunovića
SPLITSKO-DALMATINSKA,Osnovna škola Dobri
SPLITSKO-DALMATINSKA,Osnovna škola don Lovre Katića
SPLITSKO-DALMATINSKA,"Osnovna škola don Mihovila Pavlinovića, Podgora"
SPLITSKO-DALMATINSKA,Osnovna škola dr. fra Karlo Balić
SPLITSKO-DALMATINSKA,Osnovna škola dr. Franje Tuđmana Brela
SPLITSKO-DALMATINSKA,Osnovna škola Dugopolje
SPLITSKO-DALMATINSKA,Osnovna škola Fra Pavla Vučkovića
SPLITSKO-DALMATINSKA,Osnovna škola Gornja Poljica
SPLITSKO-DALMATINSKA,Osnovna škola Gradac
SPLITSKO-DALMATINSKA,Osnovna škola Grohote
SPLITSKO-DALMATINSKA,Osnovna škola Hvar
SPLITSKO-DALMATINSKA,Osnovna škola Ivan Duknović
SPLITSKO-DALMATINSKA,Osnovna škola Ivan Leko
SPLITSKO-DALMATINSKA,Osnovna škola Ivana Gorana Kovačića
SPLITSKO-DALMATINSKA,Osnovna škola Ivana Lovrića
SPLITSKO-DALMATINSKA,Osnovna škola Ivana Mažuranića
SPLITSKO-DALMATINSKA,Osnovna škola Jelsa
SPLITSKO-DALMATINSKA,Osnovna škola Jesenice
SPLITSKO-DALMATINSKA,Osnovna škola Josip Pupačić
SPLITSKO-DALMATINSKA,"Osnovna škola ""Josip Vergilij Perić"""
SPLITSKO-DALMATINSKA,Osnovna škola Josipa Jovića
SPLITSKO-DALMATINSKA,Osnovna škola Kamen-Šine
SPLITSKO-DALMATINSKA,Osnovna škola Kamešnica
SPLITSKO-DALMATINSKA,Osnovna škola Kman-Kocunar
SPLITSKO-DALMATINSKA,Osnovna škola kneza Branimira
SPLITSKO-DALMATINSKA,Osnovna škola kneza Mislava
SPLITSKO-DALMATINSKA,Osnovna škola kneza Trpimira
SPLITSKO-DALMATINSKA,Osnovna škola Komiža
SPLITSKO-DALMATINSKA,Osnovna škola Kralja Zvonimira
SPLITSKO-DALMATINSKA,Osnovna škola kralja Zvonimira
SPLITSKO-DALMATINSKA,Osnovna škola Kraljice Jelene
SPLITSKO-DALMATINSKA,"Osnovna škola ""Lokve-Gripe"""
SPLITSKO-DALMATINSKA,Osnovna škola Lučac
SPLITSKO-DALMATINSKA,Osnovna škola Majstora Radovana
SPLITSKO-DALMATINSKA,Osnovna škola Manuš-Split
SPLITSKO-DALMATINSKA,Osnovna škola Marjan
SPLITSKO-DALMATINSKA,Osnovna škola Marka Marulića
SPLITSKO-DALMATINSKA,Osnovna škola Mejaši
SPLITSKO-DALMATINSKA,Osnovna škola Meje
SPLITSKO-DALMATINSKA,Osnovna škola Mertojak
SPLITSKO-DALMATINSKA,Osnovna škola Milana Begovića
SPLITSKO-DALMATINSKA,Osnovna škola Milna
SPLITSKO-DALMATINSKA,Osnovna škola Neorić-Sutina
SPLITSKO-DALMATINSKA,Osnovna škola o.Petra Perice Makarska
SPLITSKO-DALMATINSKA,Osnovna škola Okruk u Okrugu Gornjem
SPLITSKO-DALMATINSKA,Osnovna škola Ostrog
SPLITSKO-DALMATINSKA,Osnovna škola Petar Berislavić
SPLITSKO-DALMATINSKA,Osnovna škola Petra Hektorovića Stari Grad
SPLITSKO-DALMATINSKA,Osnovna škola Petra Kružića Klis
SPLITSKO-DALMATINSKA,Osnovna škola Plokite
SPLITSKO-DALMATINSKA,Osnovna škola Pojišan
SPLITSKO-DALMATINSKA,Osnovna škola Primorski Dolac
SPLITSKO-DALMATINSKA,Osnovna škola prof. Filipa Lukasa
SPLITSKO-DALMATINSKA,Osnovna škola Pujanki
SPLITSKO-DALMATINSKA,Osnovna škola Pučišća
SPLITSKO-DALMATINSKA,Osnovna škola Ravne njive - Neslanovac Split
SPLITSKO-DALMATINSKA,Osnovna škola Runović
SPLITSKO-DALMATINSKA,Osnovna škola Selca
SPLITSKO-DALMATINSKA,Osnovna škola Silvija Strahimira Kranjčevića Lovreć
SPLITSKO-DALMATINSKA,Osnovna škola Skalice
SPLITSKO-DALMATINSKA,Osnovna škola Slatine
SPLITSKO-DALMATINSKA,Osnovna škola Spinut
SPLITSKO-DALMATINSKA,Osnovna škola Split 3
SPLITSKO-DALMATINSKA,Osnovna škola Srinjine
SPLITSKO-DALMATINSKA,Osnovna škola Stjepan Radić
SPLITSKO-DALMATINSKA,Osnovna škola Stjepan Radić
SPLITSKO-DALMATINSKA,Osnovna škola Stjepana Ivičevića
SPLITSKO-DALMATINSKA,Osnovna škola Stobreč
SPLITSKO-DALMATINSKA,"Osnovna škola ""Strožanac"""
SPLITSKO-DALMATINSKA,Osnovna škola Studenci
SPLITSKO-DALMATINSKA,Osnovna škola Supetar
SPLITSKO-DALMATINSKA,Osnovna škola Sućidar
SPLITSKO-DALMATINSKA,Osnovna škola Tin Ujević
SPLITSKO-DALMATINSKA,Osnovna škola Trilj
SPLITSKO-DALMATINSKA,Osnovna škola Trstenik
SPLITSKO-DALMATINSKA,Osnovna škola Tučepi
SPLITSKO-DALMATINSKA,Osnovna škola Vis
SPLITSKO-DALMATINSKA,Osnovna škola Visoka
SPLITSKO-DALMATINSKA,Osnovna škola Vjekoslava Paraća
SPLITSKO-DALMATINSKA,Osnovna škola Vladimira Nazora
SPLITSKO-DALMATINSKA,Osnovna škola Vrgorac
SPLITSKO-DALMATINSKA,Osnovna škola Zagvozd
SPLITSKO-DALMATINSKA,Osnovna škola Zmijavci
SPLITSKO-DALMATINSKA,Osnovna škola Žnjan-Pazdigrad
SPLITSKO-DALMATINSKA,Osnovna škola Žrnovnica
SPLITSKO-DALMATINSKA,"Privatna osnovna škola Aspalathos Međunarodna škola, osnovna škola s pravom javnosti"
SPLITSKO-DALMATINSKA,Ekonomska i Upravna škola
SPLITSKO-DALMATINSKA,Ekonomska škola
SPLITSKO-DALMATINSKA,Elektrotehnička škola - Split
SPLITSKO-DALMATINSKA,Franjevačka klasična gimnazija i strukovna škola u Sinju s pravom javnosti
SPLITSKO-DALMATINSKA,Gimnazija Dinka Šimunovića u Sinju
SPLITSKO-DALMATINSKA,Gimnazija dr. Mate Ujevića
SPLITSKO-DALMATINSKA,Gimnazijski Kolegij Kraljica Jelena s pravom javnosti
SPLITSKO-DALMATINSKA,Graditeljsko-Geodetska tehnička škola
SPLITSKO-DALMATINSKA,I. gimnazija Split
SPLITSKO-DALMATINSKA,II. gimnazija Split
SPLITSKO-DALMATINSKA,III. gimnazija
SPLITSKO-DALMATINSKA,Industrijska škola
SPLITSKO-DALMATINSKA,IV. gimnazija Marko Marulić
SPLITSKO-DALMATINSKA,Klesarska škola
SPLITSKO-DALMATINSKA,Komercijalno-trgovačka škola Split
SPLITSKO-DALMATINSKA,Nadbiskupijska klasična gimnazija Don Frane Bulić - s pravom javnosti
SPLITSKO-DALMATINSKA,Obrtna tehnička škola
SPLITSKO-DALMATINSKA,Obrtnička škola
SPLITSKO-DALMATINSKA,Obrtničko-industrijska škola u Imotskom
SPLITSKO-DALMATINSKA,Pomorska škola
SPLITSKO-DALMATINSKA,Prirodoslovna škola Split
SPLITSKO-DALMATINSKA,Privatna srednja škola Aspalathos Međunarodna škola
SPLITSKO-DALMATINSKA,"Privatna srednja škola Marko Antun de Dominis, s pravom javnosti"
SPLITSKO-DALMATINSKA,Privatna srednja škola Wallner
SPLITSKO-DALMATINSKA,Srednja strukovna škola
SPLITSKO-DALMATINSKA,Srednja strukovna škola bana Josipa Jelačića
SPLITSKO-DALMATINSKA,Srednja strukovna škola Blaž Jurjev Trogiranin
SPLITSKO-DALMATINSKA,Srednja škola Antun Matijašević - Karamaneo
SPLITSKO-DALMATINSKA,Srednja škola Bol
SPLITSKO-DALMATINSKA,Srednja škola Brač
SPLITSKO-DALMATINSKA,Srednja škola Braća Radić
SPLITSKO-DALMATINSKA,Srednja škola Dental centar Marušić
SPLITSKO-DALMATINSKA,Srednja škola fra Andrije Kačića Miošića
SPLITSKO-DALMATINSKA,Srednja škola Hvar
SPLITSKO-DALMATINSKA,Srednja škola Hvar - izdvojena lokacija u Jelsi
SPLITSKO-DALMATINSKA,Srednja škola Ivana Lucića - Trogir
SPLITSKO-DALMATINSKA,Srednja škola Jure Kaštelan
SPLITSKO-DALMATINSKA,Srednja škola Tina Ujevića
SPLITSKO-DALMATINSKA,Srednja tehnička prometna škola
SPLITSKO-DALMATINSKA,Škola Likovnih umjetnosti
SPLITSKO-DALMATINSKA,"Škola za dizajn, grafiku i Održivu Gradnju"
SPLITSKO-DALMATINSKA,Tehnička i industrijska škola Ruđera Boškovića u Sinju
SPLITSKO-DALMATINSKA,Tehnička škola u Imotskom
SPLITSKO-DALMATINSKA,Tehnička škola za Strojarstvo i Mehatroniku
SPLITSKO-DALMATINSKA,"Turističko - ugostiteljska škola, Split"
SPLITSKO-DALMATINSKA,V. gimnazija Vladimir Nazor Split
SPLITSKO-DALMATINSKA,Zdravstvena škola
VARAŽDINSKA,Centar za odgoj i obrazovanje Tomislav Špoljar
VARAŽDINSKA,I. osnovna škola Varaždin
VARAŽDINSKA,II. osnovna škola Varaždin
VARAŽDINSKA,III. osnovna škola Varaždin
VARAŽDINSKA,IV. osnovna škola Varaždin
VARAŽDINSKA,Katolička osnovna škola Svete Uršule
VARAŽDINSKA,Osnovna škola Andrije Kačića Miošića
VARAŽDINSKA,Osnovna škola Ante Starčevića
VARAŽDINSKA,Osnovna škola Antuna i Ivana Kukuljevića
VARAŽDINSKA,Osnovna škola Beletinec
VARAŽDINSKA,Osnovna škola Bisag
VARAŽDINSKA,Osnovna škola Breznički Hum
VARAŽDINSKA,Osnovna škola Cestica
VARAŽDINSKA,Osnovna škola Franje Serta Bednja
VARAŽDINSKA,Osnovna škola grofa Janka Draškovića
VARAŽDINSKA,Osnovna škola Gustav Krklec Maruševec
VARAŽDINSKA,Osnovna škola Ivana Kukuljevića Sakcinskog
VARAŽDINSKA,"Osnovna škola Ivana Rangera, Kamenica"
VARAŽDINSKA,"Osnovna škola Izidora Poljaka, Višnjica"
VARAŽDINSKA,Osnovna škola Kneginec Gornji
VARAŽDINSKA,Osnovna škola Ljubešćica
VARAŽDINSKA,Osnovna škola Ludbreg
VARAŽDINSKA,Osnovna škola Martijanec
VARAŽDINSKA,Osnovna škola Metel Ožegović
VARAŽDINSKA,Osnovna škola Novi Marof
VARAŽDINSKA,"Osnovna škola ""Petar Zrinski"" Jalžabet"
VARAŽDINSKA,Osnovna škola Petrijanec
VARAŽDINSKA,"Osnovna škola ""Podrute"""
VARAŽDINSKA,Osnovna škola Sračinec
VARAŽDINSKA,Osnovna škola Sveti Đurđ
VARAŽDINSKA,Osnovna škola Svibovec
VARAŽDINSKA,Osnovna škola Trnovec
VARAŽDINSKA,Osnovna škola Tužno
VARAŽDINSKA,Osnovna škola Veliki Bukovec
VARAŽDINSKA,Osnovna škola Vidovec
VARAŽDINSKA,Osnovna škola Vinica
VARAŽDINSKA,Osnovna škola Visoko
VARAŽDINSKA,Osnovna škola Vladimir Nazor
VARAŽDINSKA,Osnovna škola Šemovec
VARAŽDINSKA,V. osnovna škola Varaždin
VARAŽDINSKA,VI. osnovna škola Varaždin
VARAŽDINSKA,VII. osnovna škola Varaždin
VARAŽDINSKA,Centar za pružanje usluga u zajednici Ivanec
VARAŽDINSKA,Druga gimnazija Varaždin
VARAŽDINSKA,Elektrostrojarska škola
VARAŽDINSKA,Gospodarska škola Varaždin
VARAŽDINSKA,"Graditeljska, prirodoslovna i rudarska škola"
VARAŽDINSKA,Medicinska škola Varaždin
VARAŽDINSKA,Prva gimnazija Varaždin
VARAŽDINSKA,Prva privatna gimnazija s pravom javnosti Varaždin
VARAŽDINSKA,Srednja strukovna škola
VARAŽDINSKA,"Srednja škola ""Arboretum Opeka"""
VARAŽDINSKA,Srednja škola Ivanec
VARAŽDINSKA,Srednja škola Ludbreg
VARAŽDINSKA,Srednja škola Novi Marof
VARAŽDINSKA,Srednja škola u Maruševcu s pravom javnosti
VARAŽDINSKA,Strojarska i prometna škola
VIROVITIČKO-PODRAVSKA,"Centar za odgoj, obrazovanje i razvojnu podršku dr. Terezija Salaj Rakić"
VIROVITIČKO-PODRAVSKA,Katolička osnovna škola u Virovitici
VIROVITIČKO-PODRAVSKA,Osnovna škola Antuna Gustava Matoša
VIROVITIČKO-PODRAVSKA,Osnovna škola August Cesarec
VIROVITIČKO-PODRAVSKA,Osnovna škola Davorin Trstenjak Čađavica
VIROVITIČKO-PODRAVSKA,Osnovna škola Eugena Kumičića
VIROVITIČKO-PODRAVSKA,Osnovna škola Gradina
VIROVITIČKO-PODRAVSKA,Osnovna škola Ivan Goran Kovačić
VIROVITIČKO-PODRAVSKA,Osnovna škola Ivana Gorana Kovačića Gornje Bazje
VIROVITIČKO-PODRAVSKA,Osnovna škola Ivane Brlić-Mažuranić Orahovica
VIROVITIČKO-PODRAVSKA,Osnovna škola Ivane Brlić-Mažuranić Virovitica
VIROVITIČKO-PODRAVSKA,Osnovna škola Josipa Kozarca
VIROVITIČKO-PODRAVSKA,Osnovna škola Mikleuš
VIROVITIČKO-PODRAVSKA,Osnovna škola Petra Preradovića
VIROVITIČKO-PODRAVSKA,Osnovna škola Suhopolje
VIROVITIČKO-PODRAVSKA,Osnovna škola Vladimir Nazor Virovitica
VIROVITIČKO-PODRAVSKA,Osnovna škola Vladimira Nazora
VIROVITIČKO-PODRAVSKA,Osnovna škola Voćin
VIROVITIČKO-PODRAVSKA,Gimnazija Petra Preradovića Virovitica
VIROVITIČKO-PODRAVSKA,Industrijsko-obrtnička škola Slatina
VIROVITIČKO-PODRAVSKA,Industrijsko-obrtnička škola Virovitica
VIROVITIČKO-PODRAVSKA,Katolička klasična gimnazija s pravom javnosti u Virovitici
VIROVITIČKO-PODRAVSKA,"Srednja škola ""Stjepan Ivšić"""
VIROVITIČKO-PODRAVSKA,Srednja škola Marka Marulića Slatina
VIROVITIČKO-PODRAVSKA,Srednja Škola Stjepana Sulimanca
VIROVITIČKO-PODRAVSKA,Strukovna škola Virovitica
VIROVITIČKO-PODRAVSKA,Tehnička škola Virovitica
VUKOVARSKO-SRIJEMSKA,Osnovna škola Ane Katarine Zrinski
VUKOVARSKO-SRIJEMSKA,Osnovna škola Antun Gustav Matoš
VUKOVARSKO-SRIJEMSKA,Osnovna škola Antun Gustav Matoš Tovarnik
VUKOVARSKO-SRIJEMSKA,Osnovna škola Antun i Stjepan Radić
VUKOVARSKO-SRIJEMSKA,Osnovna škola Antuna Bauera
VUKOVARSKO-SRIJEMSKA,Osnovna škola August Cesarec
VUKOVARSKO-SRIJEMSKA,Osnovna škola Bartola Kašića
VUKOVARSKO-SRIJEMSKA,Osnovna škola Blage Zadre
VUKOVARSKO-SRIJEMSKA,Osnovna škola Bobota
VUKOVARSKO-SRIJEMSKA,Osnovna škola Borovo
VUKOVARSKO-SRIJEMSKA,Osnovna škola Bršadin
VUKOVARSKO-SRIJEMSKA,Osnovna škola Davorin Trstenjak
VUKOVARSKO-SRIJEMSKA,Osnovna škola dr. Franjo Tuđman
VUKOVARSKO-SRIJEMSKA,Osnovna škola Dragutina Tadijanovića
VUKOVARSKO-SRIJEMSKA,Osnovna škola fra Bernardina Tome Leakovića
VUKOVARSKO-SRIJEMSKA,Osnovna škola Franjo Hanaman
VUKOVARSKO-SRIJEMSKA,Osnovna škola Gradište
VUKOVARSKO-SRIJEMSKA,Osnovna škola Ilača-Banovci
VUKOVARSKO-SRIJEMSKA,Osnovna škola Ivan Filipović
VUKOVARSKO-SRIJEMSKA,Osnovna škola Ivan Kozarac
VUKOVARSKO-SRIJEMSKA,Osnovna škola Ivana Gorana Kovačića
VUKOVARSKO-SRIJEMSKA,Osnovna škola Ivana Kozarca Županja
VUKOVARSKO-SRIJEMSKA,Osnovna škola Ivana Martinovića
VUKOVARSKO-SRIJEMSKA,Osnovna škola Ivana Mažuranića
VUKOVARSKO-SRIJEMSKA,Osnovna škola Ivane Brlić-Mažuranić Rokovci - Andrijaševci
VUKOVARSKO-SRIJEMSKA,Osnovna škola Josip Kozarac Soljani
VUKOVARSKO-SRIJEMSKA,"Osnovna škola Josipa Kozarca, Vinkovci"
VUKOVARSKO-SRIJEMSKA,Osnovna škola Josipa Lovretića
VUKOVARSKO-SRIJEMSKA,Osnovna škola Josipa Matoša
VUKOVARSKO-SRIJEMSKA,Osnovna škola Julija Benešića
VUKOVARSKO-SRIJEMSKA,"Osnovna škola Korog, Korog"
VUKOVARSKO-SRIJEMSKA,Osnovna škola Lipovac
VUKOVARSKO-SRIJEMSKA,Osnovna škola Lovas
VUKOVARSKO-SRIJEMSKA,Osnovna škola Mare Švel-Gamiršek
VUKOVARSKO-SRIJEMSKA,Osnovna škola Markušica
VUKOVARSKO-SRIJEMSKA,Osnovna škola Mate Lovraka
VUKOVARSKO-SRIJEMSKA,Osnovna škola Matija Antun Reljković
VUKOVARSKO-SRIJEMSKA,Osnovna škola Matija Gubec
VUKOVARSKO-SRIJEMSKA,Osnovna škola Mijat Stojanović
VUKOVARSKO-SRIJEMSKA,Osnovna škola Mitnica
VUKOVARSKO-SRIJEMSKA,Osnovna škola Negoslavci
VUKOVARSKO-SRIJEMSKA,Osnovna škola Nikole Andrića
VUKOVARSKO-SRIJEMSKA,Osnovna škola Nikole Tesle
VUKOVARSKO-SRIJEMSKA,Osnovna škola Siniše Glavaševića
VUKOVARSKO-SRIJEMSKA,Osnovna škola Slakovci
VUKOVARSKO-SRIJEMSKA,Osnovna škola Stari Jankovci
VUKOVARSKO-SRIJEMSKA,Osnovna škola Stjepana Antolovića
VUKOVARSKO-SRIJEMSKA,Osnovna škola Stjepana Cvrkovića
VUKOVARSKO-SRIJEMSKA,Osnovna škola Tordinci
VUKOVARSKO-SRIJEMSKA,Osnovna škola Trpinja
VUKOVARSKO-SRIJEMSKA,Osnovna škola Vladimir Nazor
VUKOVARSKO-SRIJEMSKA,Osnovna škola Vladimira Nazora
VUKOVARSKO-SRIJEMSKA,Osnovna škola Vođinci
VUKOVARSKO-SRIJEMSKA,Osnovna škola Zrinskih Nuštar
VUKOVARSKO-SRIJEMSKA,Osnovna škola Čakovci
VUKOVARSKO-SRIJEMSKA,Drvodjelska tehnička škola
VUKOVARSKO-SRIJEMSKA,Ekonomska i trgovačka škola Ivana Domca
VUKOVARSKO-SRIJEMSKA,Gimnazija Matije Antuna Reljkovića
VUKOVARSKO-SRIJEMSKA,Gimnazija Vukovar
VUKOVARSKO-SRIJEMSKA,Gimnazija Županja
VUKOVARSKO-SRIJEMSKA,"Obrtničko - industrijska škola, Županja"
VUKOVARSKO-SRIJEMSKA,Poljoprivredno Šumarska škola Vinkovci
VUKOVARSKO-SRIJEMSKA,Prva srednja škola Vukovar
VUKOVARSKO-SRIJEMSKA,Srednja strukovna škola Marko Babić
VUKOVARSKO-SRIJEMSKA,Srednja strukovna škola Vinkovci
VUKOVARSKO-SRIJEMSKA,Srednja škola Ilok
VUKOVARSKO-SRIJEMSKA,Tehnička škola Nikole Tesle
VUKOVARSKO-SRIJEMSKA,Tehnička škola Ruđera Boškovića Vinkovci
VUKOVARSKO-SRIJEMSKA,Tehnička škola Županja
VUKOVARSKO-SRIJEMSKA,Zdravstvena i veterinarska škola Dr. Andrije Štampara Vinkovci
ZADARSKA,"Katolička osnovna škola ""Ivo Mašina"""
ZADARSKA,Osnovna škola Bartula Kašića
ZADARSKA,Osnovna škola Benkovac
ZADARSKA,Osnovna škola Biograd
ZADARSKA,Osnovna škola Braća Ribar
ZADARSKA,Osnovna škola braće Radić
ZADARSKA,Osnovna škola Franka Lisice Polača
ZADARSKA,Osnovna škola Galovac
ZADARSKA,"Osnovna škola ""Ivan Goran Kovačić"""
ZADARSKA,Osnovna škola Jurja Barakovića Ražanac
ZADARSKA,Osnovna škola Jurja Dalmatinca Pag
ZADARSKA,Osnovna škola Krune Krstića - Zadar
ZADARSKA,Osnovna škola Nikole Tesle
ZADARSKA,Osnovna škola Novigrad
ZADARSKA,Osnovna škola Obrovac
ZADARSKA,Osnovna škola Pakoštane
ZADARSKA,Osnovna škola Petar Lorini
ZADARSKA,Osnovna škola ˝Petar Zoranić˝
ZADARSKA,Osnovna škola Petar Zoranić
ZADARSKA,Osnovna škola Petra Preradovića
ZADARSKA,Osnovna škola Petra Zoranića
ZADARSKA,Osnovna škola Poličnik
ZADARSKA,Osnovna škola Privlaka
ZADARSKA,Osnovna škola Smiljevac
ZADARSKA,Osnovna škola Stanovi
ZADARSKA,Osnovna škola Starigrad
ZADARSKA,Osnovna škola Stjepana Radića-Bibinje
ZADARSKA,Osnovna škola Sukošan
ZADARSKA,Osnovna škola Sv. Filip i Jakov
ZADARSKA,Osnovna škola Valentin Klarin Preko
ZADARSKA,Osnovna škola Vladimir Nazor
ZADARSKA,Osnovna škola Vladimira Nazora - Škabrnje
ZADARSKA,Osnovna škola Voštarnica - Zadar
ZADARSKA,Osnovna škola Zadarski Otoci - Zadar
ZADARSKA,Osnovna škola Zemunik
ZADARSKA,Osnovna škola Šime Budinića - Zadar
ZADARSKA,Osnovna škola Šimuna Kožičića Benje
ZADARSKA,Privatna osnovna škola Nova
ZADARSKA,Ekonomsko-Birotehnička i trgovačka škola
ZADARSKA,Gimnazija Franje Petrića Zadar
ZADARSKA,Gimnazija Jurja Barakovića
ZADARSKA,Gimnazija Vladimira Nazora
ZADARSKA,Hotelijersko-turistička i ugostiteljska škola
ZADARSKA,Katolička gimnazija Ivana Pavla II.
ZADARSKA,Medicinska škola Ante Kuzmanića-Zadar
ZADARSKA,Obrtnička škola Gojka Matuline Zadar
ZADARSKA,"Poljoprivredna, prehrambena i veterinarska škola Stanka Ožanića"
ZADARSKA,Pomorska škola Zadar
ZADARSKA,Prirodoslovno - grafička škola
ZADARSKA,Privatna gimnazija Nova s pravom javnosti
ZADARSKA,Srednja škola Bartula Kašića
ZADARSKA,Srednja škola Biograd na Moru
ZADARSKA,Srednja škola Gračac
ZADARSKA,"Srednja škola kneza Branimira, Benkovac"
ZADARSKA,Srednja škola Obrovac
ZADARSKA,Strukovna škola Vice Vlatkovića
ZADARSKA,Škola Primijenjene umjetnosti i dizajna
ZADARSKA,Tehnička škola
ZAGREBAČKA,Centar za odgoj i obrazovanje Velika Gorica
ZAGREBAČKA,Osnovna škola Ante Kovačića
ZAGREBAČKA,Osnovna škola Antuna Augustinčića
ZAGREBAČKA,Osnovna škola Bedenica
ZAGREBAČKA,Osnovna škola Bistra
ZAGREBAČKA,Osnovna škola Bogumila Tonija
ZAGREBAČKA,Osnovna škola braće Radića
ZAGREBAČKA,Osnovna škola Dragutina Domjanića
ZAGREBAČKA,Osnovna škola Dubrava
ZAGREBAČKA,Osnovna škola Eugena Kumičića
ZAGREBAČKA,Osnovna škola Eugena Kvaternika
ZAGREBAČKA,Osnovna škola Gradec
ZAGREBAČKA,Osnovna škola Ivan Benković
ZAGREBAČKA,Osnovna škola Ivana Perkovca
ZAGREBAČKA,Osnovna škola Ivane Brlić-Mažuranić
ZAGREBAČKA,Osnovna škola Jakovlje
ZAGREBAČKA,Osnovna škola Josipa Badalića Graberje Ivanićko
ZAGREBAČKA,Osnovna škola Josipa Zorića
ZAGREBAČKA,Osnovna škola Jurja Habdelića
ZAGREBAČKA,Osnovna škola Kardinal Alojzije Stepinac
ZAGREBAČKA,Osnovna škola Klinča Sela
ZAGREBAČKA,Osnovna škola Krunoslava Kutena
ZAGREBAČKA,Osnovna škola Ksavera Šandora Đalskog
ZAGREBAČKA,Osnovna škola Ljubo Babić
ZAGREBAČKA,Osnovna škola Ljudevita Gaja
ZAGREBAČKA,Osnovna škola Luka
ZAGREBAČKA,Osnovna škola Maksimilijana Vanke
ZAGREBAČKA,Osnovna škola Marije Jurić Zagorke
ZAGREBAČKA,Osnovna škola Mihaela Šiloboda
ZAGREBAČKA,Osnovna škola Milana Langa
ZAGREBAČKA,Osnovna škola Milke Trnine
ZAGREBAČKA,Osnovna škola Nikole Hribara
ZAGREBAČKA,Osnovna škola Nova škola
ZAGREBAČKA,Osnovna škola Novo Čiče
ZAGREBAČKA,Osnovna škola Pavao Belas
ZAGREBAČKA,Osnovna škola Pokupsko
ZAGREBAČKA,Osnovna škola Posavski Bregi
ZAGREBAČKA,Osnovna škola Pušća
ZAGREBAČKA,Osnovna škola Rude
ZAGREBAČKA,Osnovna škola Rugvica
ZAGREBAČKA,Osnovna škola Samobor
ZAGREBAČKA,Osnovna škola Slavka Kolara
ZAGREBAČKA,Osnovna škola Stjepan Radić
ZAGREBAČKA,Osnovna škola Stjepana Basaričeka
ZAGREBAČKA,Osnovna škola Sveta Nedelja
ZAGREBAČKA,Osnovna škola Velika Mlaka
ZAGREBAČKA,Osnovna škola Vladimir Deščak
ZAGREBAČKA,Osnovna škola Vladimir Nazor
ZAGREBAČKA,Osnovna škola Vukovina
ZAGREBAČKA,Osnovna škola Đure Deželića Ivanić Grad
ZAGREBAČKA,Osnovna škola Šćitarjevo
ZAGREBAČKA,Ekonomska škola Velika Gorica
ZAGREBAČKA,"Ekonomska, trgovačka i ugostiteljska škola - Samobor"
ZAGREBAČKA,Gimnazija Antuna Gustava Matoša
ZAGREBAČKA,Gimnazija Velika Gorica
ZAGREBAČKA,Srednja strukovna škola
ZAGREBAČKA,Srednja strukovna škola Velika Gorica
ZAGREBAČKA,Srednja škola Ban Josip Jelačić
ZAGREBAČKA,Srednja škola Dragutina Stražimira
ZAGREBAČKA,Srednja škola Dugo Selo
ZAGREBAČKA,Srednja škola Ivan Švear Ivanić Grad
ZAGREBAČKA,Srednja škola Ivan Švear Ivanić Grad - izdvojena lokacija Križ
ZAGREBAČKA,Srednja škola Jastrebarsko
ZAGREBAČKA,Srednja škola Vrbovec
ZAGREBAČKA,Zrakoplovna tehnička škola Rudolfa Perešina
